id,male,age,inc,time,pri_nee_gen_1,pri_nee_gen_2,pri_nee_gen_3,pri_nee_gen_4,pri_nee_soc_1,pri_nee_soc_2,pri_nee_soc_3,pri_nee_soc_4,pri_nee_soc_5,pri_nee_soc_6,pri_nee_soc_7,pri_nee_soc_8,pri_nee_soc_9,pri_nee_int_1,pri_nee_int_2,pri_nee_int_3,pri_nee_int_4,pri_nee_int_5,pri_nee_int_6,pri_nee_int_7,pri_nee_int_8,pri_nee_int_9,soc_1,soc_2,soc_3,soc_4,soc_5,soc_6,soc_7,soc_8,itg_1,itg_2,itg_3,itg_4,itg_5,itg_6,itg_7,itg_8,itg_9,itg_10,itg_11,anx_1,anx_2,anx_3,anx_4,anx_5,anx_6,anx_7,anx_8,ria_1,ria_2,ria_3,ria_4,ria_5,ria_6,ria_7,ria_8,tra_1,tra_2,tra_3,tra_4,tra_5,tra_6,tra_7,tra_8
1,0,19,2,2456,6,6,6,7,2,4,3,1,1,1,1,1,1,1,1,7,3,5,3,7,1,4,5,4,4,4,7,4,3,3,1,2,5,2,1,4,1,5,5,5,4,1,5,1,4,6,6,3,6,1,5,1,6,4,5,5,6,5,6,5,7,5,7,4,3
2,1,19,3,1414,7,2,6,7,4,5,6,6,4,3,1,7,3,1,6,7,6,6,6,7,7,7,5,4,4,6,5,5,2,4,1,1,7,7,1,1,6,2,1,2,4,1,4,1,3,6,7,6,4,7,7,6,3,2,6,7,7,7,2,7,6,7,1,7,7
3,0,20,1,828,5,5,4,5,5,4,4,4,4,5,3,4,4,4,5,5,2,4,3,5,4,3,3,6,2,4,2,6,2,6,2,4,4,6,2,2,2,4,1,2,4,3,3,5,3,2,3,5,4,5,5,5,3,5,3,5,5,3,6,4,5,4,4,4,4
4,0,19,2,1043,6,3,6,6,2,2,3,2,5,5,3,2,2,4,5,5,7,7,5,6,5,3,2,6,3,7,6,5,2,6,3,4,5,2,1,3,2,5,2,7,5,5,1,3,3,5,3,6,3,5,4,6,4,6,3,4,5,3,6,3,7,3,6,3,3
5,0,22,3,1806,4,5,7,7,5,5,5,4,4,2,1,2,6,2,1,6,5,2,2,2,5,5,2,6,2,6,4,2,2,5,2,4,4,6,2,2,3,4,6,6,5,5,5,3,3,5,5,4,5,6,4,6,5,4,5,5,5,2,6,5,4,5,6,5,4
6,0,20,2,1133,5,4,6,6,4,4,3,2,2,4,2,2,5,4,2,2,5,5,3,5,3,5,3,6,2,6,2,6,2,4,3,6,5,6,2,2,2,4,5,5,5,2,6,2,3,3,6,2,7,3,6,3,5,2,6,5,6,5,4,5,5,5,5,4,5
7,1,20,1,1625,6,6,5,7,5,6,4,5,6,4,2,2,6,2,5,4,4,2,3,6,5,5,2,5,5,3,2,2,2,2,1,2,4,7,1,4,1,6,2,7,6,6,3,6,5,6,2,2,4,4,6,3,3,6,2,1,6,3,6,5,6,2,6,2,5
8,1,18,1,2319,5,6,7,7,4,4,6,4,6,4,6,6,7,5,5,3,4,3,2,6,5,5,5,2,6,5,4,4,5,2,4,4,4,4,4,4,4,4,4,4,4,5,3,3,1,3,5,1,6,3,5,5,4,6,3,7,5,4,4,4,4,4,4,4,4
9,0,19,1,7129,4,3,4,6,1,2,2,2,3,2,1,3,1,2,1,3,4,6,3,6,6,4,3,6,4,3,2,3,3,7,3,1,7,3,1,2,6,3,7,7,4,3,5,2,7,1,6,2,7,7,6,5,6,5,4,5,4,4,7,5,5,4,6,2,5
10,0,19,3,1343,4,4,6,6,6,6,6,4,6,2,2,2,6,5,3,6,6,6,3,4,3,3,2,6,6,4,3,4,2,5,1,1,1,7,1,1,1,1,2,6,1,6,5,6,2,2,3,5,2,6,6,3,6,5,5,6,6,5,5,5,2,6,2,6,6
11,0,19,1,1889,6,6,7,7,2,1,6,2,3,2,1,1,1,1,6,7,6,2,4,6,1,5,4,3,7,1,6,2,2,5,1,4,4,1,1,1,1,4,6,6,1,1,6,2,7,1,7,2,7,3,7,1,7,1,7,7,6,6,6,6,5,7,5,4,6
12,1,19,1,562,4,4,4,4,4,4,4,4,4,4,4,4,4,4,4,4,4,4,4,4,4,4,4,4,4,4,4,4,4,4,4,4,4,4,4,4,4,4,4,4,4,4,4,4,4,4,4,4,4,4,4,4,4,4,4,4,4,4,4,4,4,4,4,4,4
13,1,20,3,1745,4,4,5,6,4,4,4,3,4,4,4,4,4,4,1,3,6,3,6,6,6,5,3,5,4,3,4,4,2,5,2,3,4,6,2,3,4,2,6,7,2,2,5,2,5,2,6,4,6,5,5,5,3,5,4,3,3,7,6,7,6,7,3,4,5
14,1,20,2,2537,6,6,6,6,4,2,5,5,2,2,2,2,2,2,2,6,2,2,4,6,2,6,2,3,6,2,5,4,2,4,1,1,4,1,1,1,5,1,2,6,3,4,1,2,2,5,5,5,5,3,5,3,5,3,5,4,2,3,5,4,3,5,3,5,3
15,0,19,2,1425,6,5,7,7,1,4,1,1,2,1,1,4,1,1,5,7,4,7,2,5,5,5,5,6,5,7,3,4,2,6,1,1,4,7,1,2,1,5,5,6,5,1,5,2,5,1,7,3,6,5,7,1,7,6,3,7,7,2,7,3,7,5,4,2,5
16,0,19,1,2348,7,7,7,7,4,5,3,3,3,3,2,2,3,1,5,7,5,5,3,7,5,6,1,3,5,3,3,2,1,7,2,2,4,5,2,2,2,2,2,6,2,2,3,3,3,3,6,2,5,5,7,1,7,1,6,7,7,6,6,6,6,3,7,3,6
17,0,20,1,2139,3,1,6,6,6,2,5,5,6,1,1,1,5,2,1,7,5,7,4,5,4,5,1,7,1,7,1,4,1,5,1,1,6,2,5,5,2,4,6,6,1,6,5,7,1,4,2,5,6,5,6,7,4,7,3,5,2,2,7,6,5,5,7,1,5
18,0,19,5,1845,5,2,7,7,3,3,2,2,1,1,2,1,4,3,1,5,5,5,3,6,3,5,2,5,5,6,2,3,2,6,1,2,5,7,2,1,2,3,6,7,2,4,6,6,3,3,7,4,6,6,6,5,5,3,6,6,3,5,6,6,5,6,7,1,5
19,1,18,1,2125,4,2,5,5,3,3,3,2,3,2,2,2,2,2,2,6,4,5,6,6,5,4,4,4,3,5,3,3,3,2,2,2,4,6,1,2,3,3,2,2,2,2,5,2,4,5,6,4,5,4,6,3,5,5,5,4,6,4,5,5,3,5,6,4,6
20,0,19,1,3858,6,3,5,7,5,4,2,3,3,2,1,2,2,4,1,3,4,6,2,5,5,3,3,4,4,4,4,5,3,6,2,6,5,7,2,1,1,3,1,7,6,3,4,2,5,1,6,3,6,5,5,3,5,4,6,6,5,3,5,5,5,4,5,4,4
21,0,21,2,663,4,4,7,7,5,5,4,6,2,6,3,1,3,1,1,6,4,6,4,6,6,4,4,6,6,6,5,6,2,6,4,1,4,7,1,1,1,1,2,6,2,3,6,3,2,2,6,2,5,4,6,6,4,2,4,7,6,5,7,6,2,6,4,4,6
22,0,19,2,986,5,5,5,7,4,4,4,4,4,1,1,1,3,4,1,7,6,4,1,7,1,5,5,4,6,3,5,4,2,5,2,4,2,6,2,2,2,5,5,7,7,1,5,4,2,2,6,2,6,6,5,5,5,5,5,5,4,6,6,6,6,6,6,5,6
23,0,21,3,1497,5,4,5,5,4,5,5,5,4,3,5,3,5,4,4,5,5,5,4,6,5,6,2,4,3,3,5,4,3,5,2,2,2,6,1,1,4,4,2,2,2,5,3,4,4,5,3,5,4,4,6,3,5,5,4,6,5,6,5,5,5,3,4,5,5
24,1,21,1,5031,5,3,5,7,6,5,5,4,4,3,4,6,5,3,4,5,5,4,5,6,5,5,2,4,5,4,3,5,2,5,3,4,4,5,3,2,4,5,5,7,4,3,1,3,4,5,5,6,5,5,6,3,5,2,6,6,7,5,5,5,3,4,4,3,4
25,1,21,2,1656,4,5,7,7,7,5,7,7,7,4,4,4,7,5,6,5,4,4,4,2,5,5,5,7,4,6,5,7,5,4,1,1,7,7,1,1,1,6,1,1,7,5,4,3,4,6,5,4,5,7,6,7,6,6,5,3,5,4,6,7,6,5,4,3,4
26,0,18,1,1702,5,4,7,7,4,5,4,5,3,1,2,2,5,1,6,4,6,3,4,5,2,6,4,4,5,5,3,4,2,4,2,4,3,3,4,2,2,4,6,6,6,1,5,5,4,2,5,4,4,7,4,5,4,4,4,5,4,3,6,3,3,4,5,2,4
27,0,20,1,706,4,4,5,6,4,5,3,4,5,4,3,3,4,1,1,1,5,5,3,3,3,5,2,6,2,5,3,4,2,6,2,3,4,4,2,4,4,4,4,4,6,4,3,4,4,1,5,3,6,4,4,5,5,4,3,6,4,5,6,5,5,4,6,4,4
28,0,19,1,1332,3,2,5,5,4,4,6,6,3,2,2,2,4,4,4,4,5,6,4,2,5,4,3,5,2,5,3,4,2,5,2,4,2,3,3,2,3,5,5,7,5,1,4,3,4,2,6,3,7,7,4,6,5,5,3,6,3,3,6,3,5,5,6,2,2
29,0,20,2,1167,2,6,4,3,5,4,3,2,3,4,4,2,3,5,3,6,3,5,3,4,2,5,5,3,4,2,3,4,3,6,3,5,3,6,2,3,2,6,5,2,6,2,2,2,4,2,3,4,2,3,6,4,2,2,3,5,3,3,5,4,6,2,4,3,2
30,1,20,1,6849,3,4,6,6,6,5,4,7,2,4,1,2,4,2,2,6,4,6,2,5,2,6,2,3,3,5,2,5,2,7,1,1,7,6,1,1,1,1,1,4,5,3,3,6,2,4,5,6,5,5,7,2,6,2,2,7,5,5,6,5,3,5,4,2,7
31,1,20,2,852,2,2,6,5,4,4,4,4,4,4,3,4,5,4,2,2,3,4,2,3,3,5,2,5,2,1,2,7,1,7,4,2,4,4,4,4,4,4,4,4,4,3,2,4,2,5,5,4,4,4,6,6,4,4,5,6,6,6,6,6,4,6,6,6,4
32,0,19,3,1211,3,4,6,6,3,4,2,4,4,2,2,2,2,2,2,4,3,3,4,6,4,3,2,4,2,4,2,4,2,6,1,2,7,7,1,1,2,4,5,7,7,1,5,2,5,1,7,2,5,6,6,6,6,5,5,6,5,3,6,5,3,3,6,2,6
33,0,NA,NA,1119,7,6,7,7,5,5,4,4,5,4,3,3,5,2,5,7,5,4,4,6,4,5,2,6,4,4,3,4,3,6,1,1,1,1,1,1,1,1,2,1,1,4,4,5,3,4,5,4,4,5,6,3,6,4,5,4,5,3,6,3,6,3,6,3,3
34,0,19,2,456,4,4,4,3,4,5,4,4,4,4,5,5,4,5,4,5,4,5,5,4,5,4,5,6,2,6,2,6,2,6,5,4,4,4,4,4,4,4,6,5,5,5,4,5,4,4,4,4,4,6,4,5,4,4,3,4,4,5,5,4,5,5,5,5,5
35,1,19,1,1345,3,6,7,7,4,5,3,5,4,6,3,3,5,3,2,4,4,6,3,4,5,3,2,2,6,2,6,6,2,6,3,1,6,3,1,5,2,3,5,5,6,2,2,3,5,2,6,5,3,4,6,3,6,2,6,6,6,3,6,5,6,3,2,3,4
36,0,19,2,2759,3,3,4,5,3,3,3,4,2,3,4,3,3,1,2,1,3,3,3,4,3,3,2,6,3,3,3,4,1,7,2,4,4,4,1,2,3,3,3,5,5,4,3,4,3,5,5,5,3,5,7,2,5,5,3,6,5,2,6,5,5,5,5,3,4
37,0,19,1,814,2,3,6,5,3,2,2,2,2,2,2,2,2,5,1,2,5,7,2,5,5,5,3,7,4,6,1,5,1,7,2,2,6,5,2,2,2,4,5,5,5,1,7,2,6,1,7,2,5,7,5,2,2,6,2,6,2,5,7,3,2,6,5,6,6
38,0,18,1,1056,6,5,6,6,5,5,5,4,4,4,4,2,5,5,4,4,5,4,3,4,5,6,6,5,5,5,4,6,4,5,3,3,5,6,3,4,4,3,5,6,5,4,3,3,3,3,5,4,3,6,3,5,3,4,4,3,3,4,5,4,5,5,5,3,3
39,0,21,3,2183,6,4,5,6,3,4,5,4,4,5,2,2,4,1,4,7,6,5,4,4,2,6,1,4,4,2,2,4,1,4,1,1,4,7,1,1,1,2,2,7,7,3,3,3,4,3,6,4,2,3,5,2,6,2,4,5,6,4,6,6,6,4,6,6,6
40,0,19,2,2515,3,2,4,5,4,2,3,3,2,2,1,2,2,1,1,5,5,5,3,5,4,2,1,7,3,6,3,7,1,7,4,4,6,6,2,5,3,4,7,6,5,6,2,5,3,4,3,5,5,7,3,6,1,6,1,2,2,4,6,5,3,5,5,2,5
41,0,19,3,8016,3,4,5,5,1,5,2,3,2,2,2,2,3,2,2,2,5,6,2,3,5,2,5,5,3,5,3,5,2,4,1,2,6,3,1,2,1,1,6,6,6,3,5,3,4,4,5,3,4,2,6,2,5,3,6,5,5,5,6,5,5,6,6,5,6
42,1,20,1,1706,3,4,6,6,7,7,7,7,7,3,4,3,7,2,6,5,3,2,1,5,3,6,1,7,2,5,5,7,2,7,1,3,2,2,1,1,1,1,1,7,6,4,2,6,1,3,3,5,2,6,5,4,5,5,3,5,5,4,6,5,6,6,3,4,5
43,0,18,1,2144,6,6,6,7,3,3,5,3,5,3,3,6,6,2,1,2,5,5,2,6,2,5,2,6,6,5,6,7,2,6,5,3,2,2,2,2,4,2,2,5,2,3,5,4,3,2,5,5,5,5,6,6,6,5,5,7,6,3,6,3,6,3,6,3,3
44,0,19,2,1200,3,3,4,7,2,2,2,2,2,4,2,2,2,5,2,5,6,6,3,2,4,5,2,7,4,7,5,3,2,6,2,5,3,4,2,3,5,5,6,7,5,3,7,2,6,4,7,2,7,2,5,6,4,6,4,6,6,6,5,6,3,6,5,6,6
45,0,19,2,50047,4,6,5,6,3,4,5,4,5,3,3,3,4,3,3,3,3,5,3,3,5,5,3,6,3,4,4,6,3,3,2,3,4,5,2,3,2,3,6,6,3,3,2,3,5,3,5,4,4,5,6,4,3,4,3,5,3,3,5,3,3,4,6,5,5
46,0,19,1,3739,6,6,6,6,4,2,4,5,1,2,1,3,4,3,2,5,2,3,4,5,2,5,6,2,5,5,5,4,3,4,2,2,4,6,2,5,2,2,2,4,4,2,5,5,3,4,3,4,3,5,6,5,5,2,6,6,5,6,6,6,4,6,3,4,6
47,0,20,2,1402,3,2,6,3,6,7,6,7,7,4,2,3,6,1,2,7,6,6,2,6,5,5,5,2,5,4,5,5,6,2,5,5,6,6,5,5,5,6,6,7,6,2,4,2,3,2,6,2,5,5,5,2,5,3,2,5,5,3,6,6,6,4,5,2,5
48,1,20,3,197593,4,4,4,4,4,4,4,4,4,4,4,4,4,4,4,4,4,4,4,4,4,4,4,4,4,4,4,4,4,4,4,4,4,4,4,4,4,4,4,4,4,4,4,4,4,4,4,4,4,4,4,4,4,4,4,4,4,4,4,4,4,4,4,4,4
49,0,18,4,1879,5,6,4,6,5,2,4,3,2,2,2,3,5,1,3,7,4,5,5,6,2,2,2,4,5,6,4,2,4,4,3,2,4,6,1,2,2,5,6,6,3,6,2,6,4,3,6,6,2,5,6,6,3,6,5,7,6,5,6,6,6,6,6,2,4
50,0,19,1,1209,3,3,6,6,5,6,3,2,5,4,2,2,3,2,2,5,6,6,2,6,6,2,2,5,3,7,2,3,3,5,1,2,3,3,1,5,3,2,3,7,3,3,2,2,2,5,2,5,1,1,7,5,6,6,3,2,5,3,6,5,6,3,7,2,5
51,0,19,1,2373,3,4,6,4,3,4,4,4,3,3,2,4,4,3,2,6,4,5,3,3,5,4,1,7,2,6,1,4,1,7,3,2,3,3,3,2,5,4,5,6,5,4,5,4,5,3,4,4,4,5,6,5,6,5,4,4,6,5,6,6,6,4,6,4,6
52,1,19,2,1815,4,5,5,6,3,4,4,3,5,1,1,1,3,2,3,6,4,3,5,6,5,5,2,4,3,3,2,2,2,6,2,4,4,5,3,5,4,5,7,7,7,4,1,5,2,3,5,6,5,7,5,6,3,6,5,3,5,2,6,6,6,5,6,3,6
53,0,19,1,1560,5,4,3,6,4,5,3,4,4,4,2,2,5,5,2,5,5,6,3,5,4,4,2,5,5,5,3,5,3,6,5,5,4,3,2,6,5,6,6,6,7,2,6,1,3,6,6,5,7,7,6,5,6,3,4,6,5,5,6,6,5,4,5,3,6
54,0,21,1,1481,5,5,5,5,5,5,5,5,5,4,3,5,3,2,2,5,5,4,5,5,3,5,6,3,5,4,5,5,4,2,6,2,4,3,3,5,4,4,5,6,5,4,3,5,3,4,4,3,5,3,4,4,4,3,5,4,4,4,5,6,5,5,3,4,6
55,0,19,2,3913,6,5,6,7,5,5,5,6,5,3,6,5,5,3,3,3,2,6,3,3,3,2,2,7,2,2,2,2,2,5,6,6,6,3,6,3,3,6,6,6,6,2,5,2,3,3,5,3,4,5,5,4,5,2,3,5,5,4,4,4,4,4,4,4,4
56,0,19,3,1669,5,4,5,7,4,4,2,4,2,2,4,2,4,4,2,4,6,3,5,5,5,3,4,5,3,7,4,5,4,5,3,4,4,3,4,4,3,4,6,7,6,4,5,4,4,4,3,4,5,4,4,4,4,4,4,4,4,5,5,5,5,5,6,3,3
57,0,19,4,6282,4,2,6,6,6,4,5,6,2,2,4,4,4,5,2,6,4,4,4,4,2,4,6,2,3,3,3,6,3,3,2,4,4,4,1,1,2,4,1,6,2,1,5,2,6,2,7,4,6,2,3,5,5,6,3,4,5,5,5,3,7,4,2,3,3
58,0,18,1,2185,3,5,6,6,4,4,5,4,5,1,2,1,4,4,2,6,5,5,4,5,6,5,4,5,4,6,5,5,2,6,4,6,7,7,2,2,4,2,6,7,6,2,5,3,4,2,6,6,5,6,4,3,5,5,4,3,5,5,6,5,6,5,4,3,3
59,1,18,1,2597,4,4,5,5,4,4,4,3,4,2,2,2,3,2,2,5,4,4,4,5,3,5,3,5,5,3,4,3,3,6,2,2,6,5,5,2,5,5,6,6,6,3,3,5,3,5,5,4,5,5,6,5,6,5,3,6,5,5,6,5,4,5,5,5,5
60,0,19,1,1148,3,3,4,5,4,4,4,4,4,3,1,3,3,3,3,3,7,4,3,5,5,5,4,4,4,5,4,4,3,5,4,4,4,5,3,2,5,5,5,7,6,3,5,3,5,3,5,1,7,7,5,6,5,5,4,6,5,7,6,6,3,7,3,4,7
61,0,21,1,1039,4,4,5,5,4,2,3,4,3,1,3,1,2,4,3,3,3,4,4,3,5,5,3,7,4,6,4,7,2,6,4,2,4,4,3,4,4,4,4,4,3,1,4,2,4,5,7,3,5,7,4,5,4,5,4,4,4,4,5,5,4,5,4,3,5
62,0,19,1,1090,3,3,5,5,5,4,3,3,3,2,2,2,5,2,2,5,5,2,5,5,2,3,3,5,5,5,3,3,2,3,1,2,7,1,2,1,2,3,6,6,3,3,3,3,2,5,5,5,5,3,5,3,6,3,6,5,5,3,5,3,5,5,5,4,1
63,NA,NA,NA,7,NA,NA,NA,NA,NA,NA,NA,NA,NA,NA,NA,NA,NA,NA,NA,NA,NA,NA,NA,NA,NA,NA,NA,NA,NA,NA,NA,NA,NA,NA,NA,NA,NA,NA,NA,NA,NA,NA,NA,NA,NA,NA,NA,NA,NA,NA,NA,NA,NA,NA,NA,NA,NA,NA,NA,NA,NA,NA,NA,NA,NA,NA,NA,NA,NA
64,0,21,2,2654,5,6,7,6,3,5,3,3,3,2,2,2,5,2,2,6,6,6,2,6,2,3,2,6,2,5,1,6,2,5,2,2,6,6,1,2,2,2,6,6,6,6,2,5,2,2,2,6,2,5,6,5,6,6,5,7,3,6,6,6,6,6,6,2,2
65,0,18,1,1248,4,4,6,5,4,4,4,4,4,4,4,4,4,6,2,4,1,3,1,2,5,6,2,5,4,2,4,4,2,5,5,4,2,3,1,1,2,4,5,5,3,2,4,4,4,5,6,4,4,6,6,1,6,1,6,7,7,5,5,3,5,4,5,3,3
66,NA,NA,NA,21,NA,NA,NA,NA,NA,NA,NA,NA,NA,NA,NA,NA,NA,NA,NA,NA,NA,NA,NA,NA,NA,NA,NA,NA,NA,NA,NA,NA,NA,NA,NA,NA,NA,NA,NA,NA,NA,NA,NA,NA,NA,NA,NA,NA,NA,NA,NA,NA,NA,NA,NA,NA,NA,NA,NA,NA,NA,NA,NA,NA,NA,NA,NA,NA,NA
67,0,19,1,9274,5,4,4,6,6,5,6,5,6,5,3,2,4,2,1,7,3,3,3,5,6,4,6,2,5,6,4,4,4,2,5,6,4,5,6,7,5,3,6,7,7,2,6,2,5,2,7,3,6,7,6,4,3,3,3,7,5,6,6,7,1,6,6,2,6
68,0,18,1,1803,6,6,6,6,4,4,1,1,5,2,1,1,1,2,2,6,4,4,2,5,2,2,4,6,4,4,4,6,4,6,1,1,6,6,4,1,1,6,1,4,1,1,7,2,4,6,7,1,6,2,6,3,6,4,2,6,4,6,6,6,6,7,2,5,7
69,1,19,1,8817,3,3,3,6,3,2,3,4,5,5,1,2,2,2,2,6,6,5,3,5,3,4,2,6,2,6,2,5,2,5,2,4,6,3,4,6,3,5,7,6,6,6,3,5,5,4,6,5,4,5,6,3,6,5,6,7,6,6,6,5,7,5,5,5,5
70,1,21,3,2342,5,5,6,6,6,6,5,6,6,2,6,3,4,3,4,3,6,3,4,5,3,5,4,4,6,5,5,4,3,5,3,3,4,3,4,4,4,3,2,5,5,3,4,3,4,4,6,4,6,4,4,3,5,4,6,4,5,5,6,4,4,5,6,4,3
71,0,19,2,2248,5,4,6,6,5,4,7,3,3,2,2,2,4,3,1,6,5,5,3,3,4,5,2,3,5,2,5,7,1,7,1,3,6,3,1,1,2,3,2,5,6,6,2,5,3,4,5,6,3,5,6,3,6,3,5,6,5,5,6,5,4,5,5,4,6
72,1,19,1,829,4,4,4,6,4,4,4,4,4,4,4,4,4,4,4,4,4,4,4,4,6,4,3,5,4,7,4,5,2,5,1,6,1,5,2,4,2,7,7,6,5,3,2,7,2,6,5,6,5,6,7,5,6,5,7,7,5,4,6,5,6,4,6,4,4
73,1,21,1,3803,4,5,7,7,6,6,4,6,6,2,2,2,5,2,4,6,5,6,4,5,6,5,2,4,1,6,1,2,1,6,2,3,4,7,1,2,5,5,1,7,7,2,2,3,6,3,6,5,4,6,5,3,4,6,3,6,5,2,7,5,7,2,6,2,5
74,1,19,1,2022,6,7,7,7,4,6,3,5,2,2,2,1,3,1,4,6,5,4,6,6,4,5,6,5,3,4,3,2,5,3,4,4,4,6,1,2,6,4,6,6,6,2,6,2,7,3,6,1,6,6,4,6,5,5,3,3,5,6,5,5,6,6,6,4,6
75,0,20,2,725,4,2,5,6,3,2,2,4,5,1,2,1,2,4,1,2,6,5,1,4,5,2,2,6,2,7,3,7,2,7,1,1,6,7,1,1,1,2,2,7,6,2,4,4,4,3,3,5,3,4,5,5,4,2,3,7,4,3,6,2,5,5,6,5,3
76,NA,NA,NA,240,NA,NA,NA,NA,NA,NA,NA,NA,NA,NA,NA,NA,NA,NA,NA,NA,NA,NA,NA,NA,NA,NA,4,4,5,2,6,4,3,5,NA,NA,NA,NA,NA,NA,NA,NA,NA,NA,NA,NA,NA,NA,NA,NA,NA,NA,NA,NA,NA,NA,NA,NA,NA,NA,NA,NA,NA,NA,NA,NA,NA,NA,NA
77,0,19,1,1651,3,5,6,6,2,4,2,2,5,1,2,2,3,1,2,5,2,2,3,5,2,2,3,5,5,3,5,5,2,5,5,5,5,6,2,2,5,3,6,6,5,2,6,2,3,2,6,2,5,6,6,5,5,5,3,6,6,5,5,5,6,5,3,2,5
78,NA,NA,NA,10,NA,NA,NA,NA,NA,NA,NA,NA,NA,NA,NA,NA,NA,NA,NA,NA,NA,NA,NA,NA,NA,NA,NA,NA,NA,NA,NA,NA,NA,NA,NA,NA,NA,NA,NA,NA,NA,NA,NA,NA,NA,NA,NA,NA,NA,NA,NA,NA,NA,NA,NA,NA,NA,NA,NA,NA,NA,NA,NA,NA,NA,NA,NA,NA,NA
79,1,21,2,6064,5,5,5,3,4,4,3,4,3,4,1,2,6,2,2,6,5,4,5,5,3,4,3,6,2,6,3,6,2,6,3,3,6,6,4,1,2,6,5,5,2,6,2,5,2,2,5,4,5,5,3,3,5,5,4,4,4,2,7,4,7,3,6,2,6
80,1,56,4,384,6,6,5,5,5,6,6,6,6,6,5,6,6,6,5,6,5,5,7,5,6,6,6,6,5,6,5,5,6,6,5,5,6,6,5,5,6,6,6,6,5,4,5,4,5,5,5,5,4,5,6,5,6,6,6,6,5,7,6,6,7,5,5,6,6
81,0,20,1,1448,6,4,5,6,7,7,4,5,4,3,2,1,4,4,2,6,5,4,5,6,5,6,5,3,6,3,4,3,2,5,2,5,6,6,4,2,1,4,5,6,5,2,4,2,5,4,6,4,4,3,6,2,6,5,5,6,6,6,4,6,5,6,5,3,6
82,1,18,1,1259,4,4,6,6,5,5,4,5,6,2,2,2,4,2,2,6,3,2,2,6,5,4,2,4,5,3,3,4,2,6,2,2,5,6,2,2,2,2,2,6,2,3,2,4,2,5,6,6,2,6,6,6,6,5,3,6,6,3,6,6,6,4,6,4,6
83,1,19,4,1220,5,5,5,6,6,6,2,5,6,2,3,1,6,3,2,3,5,5,5,6,2,2,1,5,3,5,3,6,2,7,1,1,2,3,1,2,1,2,2,7,3,4,5,5,4,6,5,5,5,6,6,6,6,7,5,7,5,6,6,6,7,6,7,5,6
84,1,20,4,1243,5,5,4,5,5,5,6,4,5,4,6,4,5,5,2,6,6,5,5,4,5,5,5,6,3,6,6,6,1,6,5,5,4,7,6,4,5,6,6,7,5,2,3,1,5,6,4,2,5,7,5,6,5,4,4,5,3,5,6,6,2,4,5,5,6
85,0,19,3,3466,6,3,4,4,4,4,5,3,3,6,5,5,5,5,5,6,7,6,5,6,4,5,5,4,5,4,6,4,6,5,5,3,5,6,6,3,5,3,5,5,5,5,6,4,5,6,6,5,6,6,6,7,6,5,3,5,4,6,6,6,7,5,5,6,4
86,1,19,2,840,5,4,6,3,4,5,4,4,3,5,4,3,4,4,3,3,4,5,4,4,4,4,3,5,2,6,4,3,4,5,4,5,4,4,4,4,4,4,5,5,3,5,5,5,5,4,4,3,4,5,4,4,4,5,4,5,5,3,4,3,3,4,4,4,3
87,1,19,2,1157,6,3,7,7,7,7,6,7,7,4,4,2,4,2,2,7,6,2,5,7,2,5,1,7,1,2,1,7,3,7,2,1,7,7,3,2,7,3,6,5,5,6,2,7,2,2,5,7,5,6,7,2,7,4,5,6,6,4,6,6,4,6,6,6,6
88,0,19,3,1496,3,4,5,6,2,4,3,3,3,4,2,4,2,2,1,6,5,3,5,2,3,3,5,4,4,3,4,4,3,4,2,4,4,6,4,2,3,4,6,5,6,3,5,2,5,3,6,3,5,3,6,5,5,3,5,6,5,5,5,5,5,4,6,2,5
89,1,19,1,1820,6,6,7,7,1,5,3,2,4,2,2,2,3,2,4,6,5,2,5,6,2,6,5,4,6,6,4,2,2,6,1,2,7,7,2,7,1,6,2,6,7,4,2,4,5,2,4,4,5,7,6,3,7,5,4,7,7,6,6,6,4,6,4,6,6
90,0,21,1,2673,5,2,6,6,5,4,4,6,4,3,2,4,4,2,5,6,5,2,5,6,5,5,2,6,5,2,2,4,2,5,2,2,6,6,2,2,2,1,2,2,5,4,2,6,4,4,2,4,4,2,6,2,6,3,5,2,6,2,6,4,6,3,6,4,2
91,1,18,2,1732,4,5,5,5,5,3,5,4,4,5,5,3,3,3,3,5,5,5,5,4,6,4,3,6,3,5,3,4,2,6,2,4,5,3,5,5,4,5,5,3,4,5,2,3,3,2,5,6,3,4,5,5,6,5,4,6,5,5,4,3,5,3,5,4,4
92,1,19,2,5108,4,4,4,4,4,4,4,4,4,4,4,4,4,4,4,4,4,4,4,4,4,4,3,4,4,6,3,3,3,4,4,4,4,4,4,4,4,4,4,4,4,3,4,3,3,3,3,3,3,5,5,5,5,4,4,5,5,3,6,4,6,3,6,3,4
93,1,19,1,1949,2,2,5,6,3,5,5,5,4,5,2,5,5,3,2,4,4,5,2,6,3,5,2,6,2,5,4,6,2,5,2,5,4,3,2,4,2,5,5,5,5,3,2,3,4,4,5,2,2,3,6,6,4,5,4,4,5,4,5,6,4,5,5,5,5
94,1,20,1,1985,3,3,5,6,7,7,7,7,7,2,6,1,6,6,2,2,3,3,3,5,6,4,2,6,2,7,2,2,2,7,2,1,5,4,1,1,2,1,1,7,7,6,1,4,2,5,3,7,3,6,6,5,5,6,2,2,3,4,7,6,7,4,5,2,4
95,0,19,2,96391,5,5,5,7,5,3,3,5,3,3,1,2,3,3,1,4,2,5,3,5,5,5,3,5,5,2,5,3,2,5,2,3,6,6,2,2,2,3,2,6,3,5,2,5,2,3,2,5,3,3,6,2,6,3,5,6,5,5,5,5,5,5,5,4,5
96,0,19,NA,192301,4,5,6,6,3,6,5,3,6,5,2,1,2,2,1,6,5,7,4,4,4,6,5,3,5,6,5,3,4,2,1,1,5,5,2,3,2,5,6,7,6,5,6,3,2,4,5,2,6,6,5,5,5,3,4,5,3,6,6,6,6,6,5,2,6
97,1,19,1,2360,5,5,6,7,4,4,4,4,4,2,1,2,2,2,3,6,2,1,3,4,6,6,4,4,4,2,1,6,1,7,1,2,1,5,2,2,2,5,5,2,3,6,2,6,2,4,2,4,2,7,7,6,4,4,4,6,5,4,7,6,6,4,6,5,5
98,0,19,1,1780,5,6,6,6,7,6,7,7,7,7,5,5,7,3,3,3,5,5,4,5,5,5,2,7,2,7,5,7,2,7,2,5,3,4,2,3,3,3,3,6,6,3,5,3,5,3,5,4,5,5,6,6,5,6,3,4,6,3,5,5,6,4,5,3,5
99,1,19,1,1035,4,5,5,5,4,6,6,6,6,4,4,1,6,4,4,4,4,4,4,4,4,4,1,7,3,6,3,7,1,7,2,7,3,2,7,2,2,2,2,6,3,3,3,3,2,3,2,5,2,3,6,2,6,5,4,6,6,6,6,6,5,3,6,6,6
100,1,20,2,1460,5,4,6,7,2,6,5,4,2,2,2,4,2,5,4,7,3,6,5,7,3,2,2,5,4,2,5,5,3,7,4,3,4,3,1,2,2,6,2,4,6,2,4,3,5,4,6,5,6,7,6,6,3,3,5,7,4,7,7,6,5,5,7,6,6
101,1,19,2,890,2,5,7,7,2,2,2,2,2,2,2,2,2,5,2,1,2,1,2,6,4,2,2,7,5,7,1,7,1,7,1,3,7,1,1,1,1,1,6,7,6,6,2,2,1,2,1,1,5,7,2,5,2,7,2,3,2,6,6,3,2,6,6,3,6
102,0,19,1,2649,6,5,6,6,4,4,4,5,6,4,4,4,4,2,3,3,6,6,4,6,4,6,4,4,4,5,4,4,2,6,5,5,5,3,4,7,4,6,6,7,7,2,4,3,5,2,5,4,6,4,6,4,6,5,5,5,5,3,6,4,5,6,5,4,5
103,0,19,1,1499,3,3,6,5,2,2,2,2,2,5,2,2,2,5,2,3,5,5,2,5,2,3,1,7,2,7,1,7,1,7,3,6,3,2,2,3,2,4,2,6,2,3,2,4,1,2,6,2,6,5,6,6,3,5,3,6,6,3,6,5,4,4,5,3,4
104,1,21,4,1714,4,5,6,6,5,5,5,6,5,4,1,6,6,4,2,3,6,6,4,2,5,5,5,4,3,6,6,5,2,5,2,3,5,2,4,5,2,5,6,5,6,2,3,3,5,2,3,5,6,6,5,5,4,5,3,6,6,5,6,4,6,4,6,4,6
105,1,21,3,1236,4,4,6,5,6,7,6,7,5,1,7,2,7,1,6,5,3,2,2,5,3,5,2,5,5,5,2,2,2,6,2,2,5,5,3,4,4,6,4,7,5,7,2,7,3,4,3,7,1,5,5,3,5,5,3,7,5,2,7,6,7,4,5,3,5
106,0,18,2,1411,3,6,6,5,3,5,5,2,4,1,1,3,5,2,5,6,2,5,1,2,6,5,2,5,6,5,6,2,3,3,1,4,7,6,1,3,1,3,1,7,5,3,1,7,2,3,6,6,5,3,6,5,3,7,4,4,5,2,7,3,3,2,5,2,2
107,0,18,5,1040,4,4,7,6,4,4,4,4,4,4,3,4,3,1,2,2,5,6,2,4,3,4,2,6,3,6,4,6,2,6,2,4,4,6,5,5,4,2,2,6,5,1,6,1,4,1,6,3,6,5,7,5,6,4,4,2,6,5,5,7,5,5,3,6,7
108,1,19,3,1227,6,6,6,7,6,5,5,6,6,4,1,4,3,1,2,6,4,5,7,6,2,5,6,6,7,5,6,3,3,3,2,2,4,4,4,4,2,7,2,4,6,1,2,1,2,6,2,7,1,2,7,2,7,5,7,7,7,7,7,5,6,6,7,3,7
109,0,20,1,1319,2,3,6,6,3,6,3,6,6,3,3,3,3,2,4,4,2,4,2,4,2,2,3,4,3,4,2,3,2,4,2,4,4,3,1,2,4,4,5,4,6,3,3,3,5,5,5,6,4,4,5,5,6,5,5,7,5,5,6,6,6,4,5,3,6
110,0,18,1,1258,4,4,7,7,5,5,5,3,4,2,2,2,5,1,2,6,7,5,3,6,4,6,4,4,4,5,6,5,3,4,1,1,7,6,1,1,1,1,1,5,1,2,5,3,5,4,1,3,5,2,6,2,6,4,6,6,5,6,5,7,6,4,2,2,4
111,0,21,1,875,4,4,5,6,4,5,3,4,5,4,2,3,4,4,2,4,4,5,3,5,4,5,2,6,2,6,3,6,2,6,1,1,7,7,1,1,1,1,2,7,2,4,5,6,4,5,5,3,5,5,3,5,4,4,5,4,4,3,5,4,5,4,5,5,3
112,1,28,1,1560,5,5,6,7,5,5,4,5,7,3,2,3,5,3,1,6,5,2,3,6,3,5,4,4,4,5,5,4,2,4,2,2,4,4,3,2,2,2,2,7,6,3,2,3,2,5,4,3,3,5,6,3,6,3,3,6,5,5,6,5,5,3,2,3,6
113,0,19,2,590589,3,2,5,6,3,3,3,3,2,2,1,2,3,3,2,5,3,5,2,3,5,2,2,6,2,6,3,6,2,6,2,4,3,6,3,2,3,4,5,7,4,3,3,3,3,2,5,4,5,3,5,6,3,5,3,5,2,4,5,5,4,5,3,3,5
114,0,19,2,1250,4,4,5,6,3,2,3,4,2,2,2,4,4,5,2,6,3,3,5,5,4,4,4,3,4,4,4,5,2,5,2,2,7,6,2,1,2,3,5,5,5,4,2,4,3,4,5,4,3,6,5,5,3,5,3,6,5,4,6,3,5,5,4,4,2
115,1,18,1,1524,2,2,3,6,2,2,1,3,2,1,1,1,1,4,1,4,2,5,3,6,7,2,2,7,1,7,2,4,1,6,5,4,4,7,1,6,5,5,7,7,7,6,2,1,2,4,1,6,2,7,5,5,2,7,6,1,6,2,7,1,7,2,7,2,2
116,0,20,1,4436,5,6,6,7,4,6,6,5,2,1,2,7,5,4,1,6,5,3,6,6,2,5,3,4,5,6,5,4,2,3,1,1,7,7,1,1,3,1,1,1,2,2,2,4,3,2,5,2,5,3,5,2,5,7,7,6,6,4,6,4,4,4,5,5,5
117,1,20,2,2447,6,6,6,6,4,5,3,5,5,4,3,4,4,6,3,5,5,3,4,6,3,5,4,4,6,5,4,5,2,5,4,5,3,5,3,4,4,2,6,6,6,3,6,2,5,2,5,3,6,5,6,3,5,3,5,6,5,5,6,6,5,6,4,4,5
118,0,19,1,2255,6,6,6,6,4,6,6,4,6,5,3,6,6,2,6,5,6,5,5,5,3,5,3,6,3,6,3,4,2,5,3,2,5,4,2,2,4,5,5,5,5,3,5,3,5,3,5,3,5,4,5,5,5,4,5,6,5,3,6,3,6,3,6,4,5
119,0,19,5,7246,5,4,6,7,5,6,5,5,5,6,2,5,6,5,3,6,6,5,2,6,4,6,1,5,3,6,4,6,2,7,2,5,5,1,1,1,2,2,5,6,1,2,6,2,2,2,6,2,6,6,4,5,3,7,5,7,2,3,7,4,2,5,6,3,5
120,0,20,1,1438,3,5,5,7,6,6,5,6,6,5,5,4,6,4,2,3,6,6,2,5,6,5,5,5,5,3,4,6,2,6,3,3,4,3,3,3,5,5,6,6,6,2,5,2,5,2,6,2,6,6,6,6,5,5,3,5,7,3,6,5,5,5,7,2,5
121,0,20,1,1397,5,2,6,7,3,5,5,3,7,5,2,1,3,1,3,7,4,4,4,6,5,5,5,5,5,5,4,6,3,6,1,2,4,7,1,2,2,2,3,6,2,4,2,4,3,3,4,4,5,2,6,4,6,5,6,6,5,6,6,6,5,5,6,4,6
122,0,19,1,313,4,4,4,4,5,4,4,4,4,3,4,4,4,4,4,3,4,4,4,4,4,5,5,4,4,3,4,3,4,4,4,4,4,4,4,4,4,4,4,4,4,4,4,4,3,4,4,4,4,4,4,5,4,5,4,4,4,4,4,4,4,4,4,4,4
123,0,20,1,847,7,6,7,7,7,7,7,7,6,3,6,4,4,2,4,7,5,4,2,4,2,3,7,5,4,6,6,7,3,6,5,5,5,5,5,5,5,5,5,5,5,3,2,2,5,3,5,4,7,4,6,5,5,7,2,6,5,5,6,6,6,6,3,3,5
124,1,20,1,1595,5,5,7,7,3,4,7,5,3,3,1,5,5,6,6,6,6,6,4,6,7,7,1,5,5,5,7,4,2,7,5,2,5,7,2,2,2,5,5,7,7,6,3,6,5,4,6,6,6,6,7,7,6,5,4,7,3,5,6,6,7,5,6,2,6
125,1,20,2,1177,5,4,7,7,2,2,3,2,2,2,2,2,2,1,1,4,5,3,5,6,4,5,2,6,4,6,2,6,2,5,2,3,3,4,3,2,3,2,2,3,3,7,5,6,6,6,7,2,7,7,4,7,3,7,7,6,4,5,7,6,6,4,6,5,2
126,1,21,1,342508,6,6,6,6,4,7,5,5,7,1,2,4,5,2,2,4,4,2,4,6,3,4,4,3,4,5,5,1,2,5,1,4,4,4,1,2,1,5,6,6,5,4,2,4,3,4,3,5,2,7,5,5,5,4,3,4,3,4,7,6,5,6,7,5,4
127,1,20,1,101191,6,4,6,6,6,6,6,5,6,6,5,6,6,5,6,6,6,6,6,6,6,5,4,4,4,4,4,4,4,4,6,4,4,6,6,6,6,4,6,6,6,3,5,5,5,5,5,5,5,6,6,5,5,6,5,6,5,6,6,7,4,5,6,6,6
128,1,19,2,458,1,1,7,7,1,1,1,1,1,1,1,1,1,1,1,1,1,1,1,1,1,1,7,7,1,1,1,7,1,7,1,1,1,1,1,1,1,1,1,1,1,1,1,1,1,1,1,1,1,1,1,1,1,1,1,1,1,1,1,1,1,1,1,1,1
129,1,19,2,1387,7,7,7,7,6,5,6,4,6,4,3,3,7,2,6,6,6,6,6,5,4,6,5,6,5,7,6,6,1,7,4,4,7,4,1,5,6,2,4,7,6,2,7,1,7,3,7,3,6,5,5,6,7,5,7,6,6,6,6,5,7,5,7,6,5
130,1,20,1,1187,3,4,6,6,5,3,5,4,5,2,2,2,4,5,3,5,7,3,4,5,3,5,3,6,2,5,2,3,2,3,3,5,1,6,1,3,1,4,3,7,2,3,2,2,3,4,6,5,5,4,5,5,6,5,3,5,6,5,4,6,3,6,3,6,5
131,1,20,1,2420,5,6,7,6,2,3,4,1,5,2,2,3,5,2,1,5,3,3,2,5,2,5,5,5,2,6,2,7,1,6,1,1,7,7,1,1,1,1,1,1,1,4,3,5,3,4,4,6,5,4,5,2,6,3,3,6,6,2,6,2,5,6,5,3,6
132,0,20,2,2927,2,5,7,5,1,7,1,1,1,5,2,5,1,6,3,7,6,6,4,3,3,4,1,7,1,7,1,7,1,7,1,1,7,7,1,1,1,1,1,1,7,5,2,2,5,4,7,5,5,7,7,7,7,5,7,7,7,7,6,7,1,7,7,6,7
133,NA,NA,NA,86,NA,NA,NA,NA,NA,NA,NA,NA,NA,NA,NA,NA,NA,NA,NA,NA,NA,NA,NA,NA,NA,NA,NA,NA,NA,NA,NA,NA,NA,NA,NA,NA,NA,NA,NA,NA,NA,NA,NA,NA,NA,NA,NA,NA,NA,NA,NA,NA,NA,NA,NA,NA,NA,NA,NA,NA,NA,NA,NA,NA,NA,NA,NA,NA,NA
134,NA,NA,NA,194,NA,NA,NA,NA,NA,NA,NA,NA,NA,NA,NA,NA,NA,NA,NA,NA,NA,NA,NA,NA,NA,NA,NA,NA,NA,NA,NA,NA,NA,NA,NA,NA,NA,NA,NA,NA,NA,NA,NA,NA,NA,NA,NA,NA,NA,NA,NA,NA,NA,NA,NA,NA,NA,NA,NA,NA,NA,NA,NA,NA,NA,NA,NA,NA,NA
135,1,19,2,934,5,4,5,6,4,4,4,4,4,4,2,3,4,2,2,5,2,4,4,5,4,4,4,5,5,6,6,6,2,5,4,3,1,3,5,4,5,4,6,7,6,4,2,3,4,2,5,4,3,5,4,5,5,4,3,4,3,5,5,6,5,5,5,6,5
136,NA,NA,NA,129,NA,NA,NA,NA,NA,NA,NA,NA,NA,NA,NA,NA,NA,NA,NA,NA,NA,NA,NA,NA,NA,NA,NA,NA,NA,NA,NA,NA,NA,NA,NA,NA,NA,NA,NA,NA,NA,NA,NA,NA,NA,NA,NA,NA,NA,NA,NA,NA,NA,NA,NA,NA,NA,NA,NA,NA,NA,NA,NA,NA,NA,NA,NA,NA,NA
137,NA,NA,NA,5944,5,2,3,7,3,2,3,2,5,2,2,2,2,1,2,3,6,6,4,6,5,3,1,5,2,6,2,6,2,5,1,3,6,5,4,5,2,5,7,7,6,6,3,5,5,3,3,5,4,5,6,2,6,5,5,7,3,6,6,6,7,5,6,5,5
138,NA,NA,NA,6598,4,5,6,7,6,5,3,5,6,3,5,3,5,NA,NA,NA,NA,NA,NA,NA,NA,NA,5,5,5,3,5,3,2,6,NA,NA,NA,NA,NA,NA,NA,NA,NA,NA,NA,2,5,3,5,1,6,2,6,6,6,6,6,5,3,6,5,NA,NA,NA,NA,NA,NA,NA,NA
139,NA,NA,NA,12,NA,NA,NA,NA,NA,NA,NA,NA,NA,NA,NA,NA,NA,NA,NA,NA,NA,NA,NA,NA,NA,NA,NA,NA,NA,NA,NA,NA,NA,NA,NA,NA,NA,NA,NA,NA,NA,NA,NA,NA,NA,NA,NA,NA,NA,NA,NA,NA,NA,NA,NA,NA,NA,NA,NA,NA,NA,NA,NA,NA,NA,NA,NA,NA,NA
140,NA,NA,NA,484,5,5,5,6,2,7,2,2,4,2,5,2,2,NA,NA,NA,NA,NA,NA,NA,NA,NA,1,7,2,7,1,6,1,7,NA,NA,NA,NA,NA,NA,NA,NA,NA,NA,NA,6,2,6,2,2,2,6,2,7,5,6,2,6,1,3,2,NA,NA,NA,NA,NA,NA,NA,NA
141,NA,NA,NA,991,NA,NA,NA,NA,NA,NA,NA,NA,NA,NA,NA,NA,NA,NA,NA,NA,NA,NA,NA,NA,NA,NA,4,5,5,6,5,6,4,2,NA,NA,NA,NA,NA,NA,NA,NA,NA,NA,NA,NA,NA,NA,NA,NA,NA,NA,NA,6,6,5,5,6,5,6,5,NA,NA,NA,NA,NA,NA,NA,NA
142,0,19,1,1847,5,4,5,5,4,6,4,6,6,4,4,4,4,4,5,4,4,5,5,4,5,5,4,5,4,5,3,4,3,5,2,4,3,3,4,3,4,3,3,4,3,3,3,3,4,4,5,4,2,4,5,5,5,4,5,6,4,3,5,5,3,5,5,4,3
143,0,18,1,1633,3,4,3,5,5,3,2,5,4,4,2,2,6,4,4,5,2,4,5,5,5,4,6,3,6,5,2,3,4,4,4,3,6,3,2,2,6,2,3,6,4,1,6,7,5,2,7,1,7,3,6,2,6,2,6,6,6,2,7,5,7,5,6,4,6
144,0,19,1,1397,5,3,5,6,4,3,4,3,2,3,2,4,5,2,2,6,2,2,2,6,2,6,5,3,4,5,3,4,5,2,2,2,2,4,2,2,4,2,6,6,6,1,2,2,6,1,6,2,6,6,6,4,6,2,6,7,5,3,5,4,6,4,2,4,5
145,0,18,2,1177,5,2,7,6,3,3,3,3,3,1,1,3,4,3,3,6,6,6,2,6,2,6,2,6,2,5,1,5,1,7,1,1,1,2,1,1,1,1,1,3,1,1,5,2,3,3,7,3,7,5,7,5,7,3,4,7,7,7,5,5,5,3,4,2,5
146,0,18,1,4084,4,4,4,5,4,2,4,5,4,3,2,4,5,4,4,4,5,4,5,5,4,5,1,4,1,1,4,NA,1,1,4,2,4,6,4,4,5,1,5,7,4,3,4,4,4,4,5,5,4,7,5,7,4,7,4,5,5,4,6,4,2,4,6,4,5
147,0,20,1,1318,5,6,6,7,3,5,5,5,5,4,1,3,5,2,5,6,5,2,4,7,5,6,5,3,5,3,5,4,2,6,2,2,3,2,1,4,4,7,7,7,7,4,2,4,2,4,3,7,2,4,6,5,6,3,6,5,6,3,5,4,6,3,3,3,5
148,0,19,2,439,6,6,6,6,2,2,2,2,2,2,2,2,2,2,2,2,6,6,2,2,2,2,2,6,6,6,6,6,3,2,6,2,6,6,2,6,6,6,6,6,6,6,6,6,6,6,7,6,6,6,6,3,3,3,3,3,6,7,7,7,6,7,6,6,7
149,1,19,1,2393,6,7,6,6,6,7,7,7,6,2,2,2,6,6,6,7,6,6,4,6,1,6,2,5,6,6,6,6,2,6,1,1,1,7,1,1,2,4,1,2,2,2,1,6,6,6,7,7,2,4,7,2,6,2,4,7,7,6,6,6,2,6,6,6,6
150,0,22,1,1945,3,2,4,5,3,4,4,3,5,3,3,5,4,4,2,3,5,3,2,3,5,4,5,3,3,5,4,5,2,4,1,2,5,5,2,1,3,2,1,5,4,2,5,3,5,3,6,3,5,3,5,4,5,4,3,6,4,5,5,6,5,5,5,5,3
151,0,18,2,1290,2,4,5,6,4,4,4,3,4,2,2,2,4,2,2,5,5,6,3,5,4,4,4,4,4,6,4,5,3,3,2,2,6,6,2,2,1,1,2,6,6,2,5,2,3,3,6,2,6,5,4,5,3,5,3,5,3,5,6,6,5,3,4,2,6
152,0,19,1,1994,7,7,7,7,4,6,2,4,4,2,4,6,4,4,2,5,5,5,5,5,5,5,4,4,4,2,2,4,3,5,6,1,3,6,1,2,4,5,5,6,6,2,5,3,5,3,5,4,5,4,6,3,6,4,4,6,5,5,6,5,7,5,2,1,5
153,0,20,1,2077,3,5,4,5,1,2,1,1,1,1,1,1,1,3,1,2,3,5,2,2,2,3,2,3,2,3,3,7,1,5,2,1,4,3,2,3,3,2,4,7,4,3,3,5,3,3,5,4,4,2,4,4,3,5,3,5,5,3,6,4,3,4,6,3,6
154,0,22,1,1158,4,4,7,4,1,1,1,1,4,1,1,1,1,2,1,6,4,6,4,7,1,6,7,2,6,2,5,1,6,2,1,1,7,7,3,1,2,1,1,7,4,1,6,2,4,2,6,4,6,6,4,5,4,4,4,6,5,4,5,5,7,4,5,5,5
155,0,18,2,1716,5,3,4,7,3,2,2,1,2,1,1,1,2,2,1,6,2,5,4,5,3,4,5,5,3,6,3,5,2,6,1,2,4,7,1,2,2,4,5,5,5,3,6,2,4,5,6,2,4,3,5,3,5,4,6,3,6,4,6,5,3,4,7,2,2
156,0,19,1,3808,5,5,7,6,7,6,4,5,5,2,2,1,5,5,2,4,5,7,3,3,3,5,6,5,7,3,6,4,3,2,1,1,5,6,1,1,1,2,1,6,5,1,7,1,6,2,7,2,6,5,7,3,7,2,7,7,6,6,7,7,5,7,6,6,7
157,0,19,1,1290,4,5,5,6,1,2,4,1,5,1,1,1,2,2,1,6,6,2,5,6,3,3,6,2,2,6,2,3,2,2,5,2,3,6,1,2,4,2,3,2,2,3,5,3,5,3,6,3,6,5,5,5,3,5,3,6,6,3,6,5,6,3,6,5,5
158,1,22,2,638,6,5,5,6,3,5,4,3,4,4,4,4,4,5,5,5,5,5,5,5,5,5,3,2,4,2,5,2,4,2,4,5,4,5,2,4,3,4,5,6,7,4,4,4,4,4,4,4,4,4,4,4,4,5,4,5,4,5,5,5,6,4,6,4,5
159,0,20,2,1043,6,4,7,7,4,4,4,5,3,2,2,2,3,1,4,6,4,5,3,6,2,5,2,7,3,5,4,7,2,7,2,1,4,6,1,3,5,4,5,6,5,4,2,4,2,3,5,4,3,6,4,5,3,4,3,5,4,5,6,6,5,6,5,6,6
160,0,19,2,5469,4,3,5,5,5,2,2,3,2,2,1,2,1,2,2,6,5,6,5,6,3,5,3,5,3,6,3,4,2,6,4,5,5,6,1,1,6,5,1,6,4,2,6,2,5,4,6,2,5,6,6,2,6,5,5,6,6,5,7,6,5,4,5,2,5
161,1,19,2,1077,5,6,7,6,1,4,4,1,1,5,1,4,4,1,2,4,7,1,4,4,4,7,4,5,5,6,5,7,2,6,1,1,4,7,6,4,1,1,6,6,1,2,3,2,2,4,5,1,5,7,4,6,5,6,3,7,4,1,6,4,6,2,7,2,2
162,0,18,1,2185,7,4,7,7,5,5,5,5,2,5,2,3,7,2,2,6,7,6,4,7,2,7,6,1,4,1,4,4,6,1,2,3,5,3,2,4,4,6,6,6,6,1,2,2,7,1,7,3,6,4,5,3,5,3,5,5,5,6,3,5,2,6,2,6,6
163,0,21,1,1492,6,4,7,6,2,3,3,2,4,3,1,2,4,2,1,7,3,5,3,6,2,6,2,4,4,6,5,4,3,6,1,1,6,1,1,1,1,2,3,2,6,3,3,5,2,3,4,5,4,7,5,5,4,7,3,6,5,1,7,4,5,3,5,5,7
164,0,19,1,1248,5,6,6,7,5,5,4,7,4,3,2,6,6,1,2,7,6,5,6,6,2,7,4,3,5,4,2,4,5,2,2,2,4,3,5,2,2,2,2,5,2,3,4,3,4,5,5,4,5,7,6,3,5,4,6,4,6,5,4,6,5,4,4,2,6
165,0,18,1,5927,6,4,6,6,4,5,4,3,3,4,2,2,2,3,3,5,7,5,5,5,2,5,3,6,5,5,5,4,2,6,3,4,4,2,3,4,5,5,5,7,6,1,2,1,5,4,6,2,6,7,5,6,6,5,4,7,3,7,7,6,7,6,5,7,5
166,0,19,1,1292,3,2,6,7,1,2,2,1,2,1,1,2,1,2,2,5,4,6,1,3,2,2,4,5,3,5,2,6,3,5,4,2,2,2,1,3,2,4,6,7,6,6,3,5,1,3,3,4,2,4,6,5,4,3,4,5,6,5,4,5,7,6,2,3,6
167,0,18,5,110358,3,2,6,7,2,5,6,5,2,1,1,2,2,6,1,2,7,6,2,3,7,5,2,6,3,6,1,7,1,6,6,3,2,2,7,4,5,6,4,7,2,2,6,2,5,2,7,2,6,7,6,7,3,6,3,7,5,3,7,5,7,4,2,2,5
168,0,20,1,6685,4,4,6,7,4,5,5,4,6,4,1,2,5,4,3,6,6,6,4,6,6,5,6,4,4,6,4,4,2,7,1,1,7,7,1,1,1,1,6,6,1,3,5,3,4,4,5,4,5,7,4,6,4,6,2,2,4,4,5,4,4,4,7,4,7
169,0,20,1,1197,7,4,7,7,6,6,5,5,5,5,4,2,5,3,5,3,5,3,2,6,6,6,4,4,5,6,6,5,2,7,5,4,2,2,2,4,5,2,5,7,5,2,6,3,3,4,6,3,5,6,3,6,5,5,6,6,5,5,6,6,6,5,3,3,5
170,0,20,2,1144,4,5,6,4,3,2,2,2,4,3,2,3,2,2,2,6,5,6,2,5,2,2,2,6,3,6,2,4,2,5,2,2,2,7,3,6,2,2,2,7,6,2,3,3,3,3,3,3,4,5,6,5,5,3,4,5,5,4,6,6,6,5,5,3,5
171,0,20,1,1869,4,4,4,7,5,2,5,5,2,2,1,2,4,3,1,3,4,4,3,4,3,4,3,5,3,5,3,7,3,6,4,4,5,4,2,4,4,4,2,5,6,4,6,4,4,3,5,5,4,6,4,6,3,7,4,3,4,4,4,4,5,5,3,3,5
172,0,20,2,1756,4,2,6,6,4,4,4,3,2,2,1,2,2,2,2,4,5,6,3,4,3,5,4,4,4,3,5,6,4,3,1,5,5,4,4,4,5,1,1,6,1,2,4,4,4,2,5,4,5,4,7,3,6,4,5,7,6,5,6,6,5,5,4,5,7
173,0,18,1,3386,6,5,4,7,6,6,3,4,4,2,2,6,5,2,2,5,4,3,5,5,3,4,5,3,6,3,3,7,4,5,1,2,4,2,1,1,6,2,6,6,1,4,5,2,5,2,5,5,5,4,6,3,7,6,5,6,6,6,6,6,4,6,3,5,6
174,0,18,1,1094,4,3,6,6,3,4,4,5,4,4,2,2,3,4,2,4,5,5,3,4,4,4,2,6,2,6,2,6,3,6,5,4,3,3,5,5,4,4,5,3,3,5,3,4,3,2,4,5,2,6,2,5,2,6,2,2,2,5,6,4,5,3,5,3,3
175,0,20,1,1672,2,6,7,6,5,3,1,1,1,1,1,5,1,2,1,7,4,6,1,5,6,7,4,4,3,6,6,7,2,6,4,3,7,7,1,7,5,7,6,6,7,2,5,2,5,3,6,2,6,6,4,5,2,6,2,4,3,4,7,7,7,5,7,6,5
176,0,19,2,1061,6,5,6,5,4,4,4,4,4,4,4,2,4,5,5,5,4,5,4,4,4,5,5,2,3,6,5,2,5,1,4,4,5,5,3,5,4,4,3,3,5,3,7,3,3,4,6,3,5,5,5,3,4,3,4,7,5,6,6,5,5,3,6,2,4
177,0,19,1,1255,3,6,5,5,4,5,4,4,5,2,1,2,3,2,1,6,5,5,3,3,3,4,5,3,5,5,4,6,3,6,1,4,4,3,5,4,3,2,5,7,7,2,5,2,5,3,7,2,4,7,4,6,4,5,3,4,5,5,5,5,5,6,5,4,5
178,0,20,1,1363,7,7,7,7,6,7,4,2,4,5,1,1,1,2,7,5,5,2,6,7,3,6,3,5,3,7,3,3,1,4,2,1,2,1,1,1,1,7,1,7,7,1,1,1,7,1,7,1,7,2,4,6,4,7,3,6,4,4,7,2,7,4,7,2,3
179,0,19,4,1932,3,5,5,7,2,3,5,4,5,2,3,3,5,4,2,3,6,6,4,7,6,6,4,6,5,5,2,7,2,6,1,4,2,6,5,2,5,5,7,6,6,3,4,5,3,5,3,4,1,5,6,5,3,5,3,2,5,6,6,7,6,5,6,2,6
180,NA,NA,NA,13,NA,NA,NA,NA,NA,NA,NA,NA,NA,NA,NA,NA,NA,NA,NA,NA,NA,NA,NA,NA,NA,NA,NA,NA,NA,NA,NA,NA,NA,NA,NA,NA,NA,NA,NA,NA,NA,NA,NA,NA,NA,NA,NA,NA,NA,NA,NA,NA,NA,NA,NA,NA,NA,NA,NA,NA,NA,NA,NA,NA,NA,NA,NA,NA,NA
181,0,18,3,1097,3,4,3,5,6,3,4,3,7,1,2,3,4,4,1,4,6,6,3,6,5,4,4,4,4,3,4,4,3,4,2,2,4,6,2,4,6,2,6,6,6,3,2,4,2,4,6,5,3,5,5,4,5,4,4,5,5,4,7,5,5,4,4,4,5
182,0,20,2,443,3,3,2,3,4,3,3,3,3,3,3,4,4,4,3,3,4,3,3,3,4,3,5,4,5,4,4,4,4,4,3,3,3,3,3,3,3,3,4,4,3,2,2,2,3,2,3,2,2,4,4,4,4,4,4,4,4,3,3,4,3,3,3,4,3
183,0,18,1,1465,3,3,6,6,5,5,5,5,7,2,2,2,6,3,4,4,5,5,4,4,4,5,3,5,4,4,4,4,1,7,3,3,6,5,4,4,3,5,4,5,5,1,3,4,5,1,7,4,3,7,4,7,2,7,2,6,2,5,7,5,7,5,4,3,6
184,1,20,1,12533,6,3,6,7,5,6,5,2,4,4,5,5,7,5,3,3,5,2,7,7,6,7,3,5,2,7,3,4,1,7,1,3,5,6,3,3,2,5,1,6,7,2,4,2,6,2,6,2,7,5,6,6,3,6,3,3,6,5,5,5,3,5,5,6,6
185,0,19,5,17973,5,4,4,6,4,4,4,4,5,5,5,3,4,5,4,5,5,5,4,6,5,5,4,6,3,6,4,5,3,4,2,2,4,6,2,2,2,4,3,4,2,4,5,3,3,3,6,4,4,6,5,5,5,4,4,6,4,4,5,6,4,5,4,3,6
186,0,20,2,2769,2,4,7,6,6,4,4,1,4,1,1,4,4,1,1,6,2,7,4,5,6,6,2,5,1,2,1,4,3,7,1,1,4,7,1,1,2,2,1,7,4,6,5,2,2,4,2,6,6,6,7,6,5,6,4,5,3,5,7,5,7,5,6,4,3
187,1,21,1,1660,6,6,6,6,5,3,4,4,6,3,2,2,3,2,2,6,6,2,4,5,3,5,2,4,2,2,4,6,2,6,2,2,6,7,2,2,2,2,2,2,2,2,2,6,2,6,4,6,3,5,5,3,5,3,5,5,5,3,6,6,2,6,2,5,5
188,0,18,1,1602,6,6,7,7,6,6,6,5,5,2,3,2,3,3,1,6,7,4,4,5,2,3,6,3,5,5,7,4,5,5,1,1,4,2,1,2,2,1,5,6,1,1,5,4,6,1,7,2,5,6,6,2,6,2,3,7,5,6,5,7,2,6,3,6,6
189,0,20,3,2518,7,5,7,7,7,6,4,5,7,5,2,2,3,2,7,5,6,4,2,7,5,7,3,4,4,5,3,4,2,5,1,1,5,6,1,1,3,5,4,4,6,3,3,6,3,4,6,6,3,5,5,3,5,5,5,4,5,6,6,5,6,3,5,3,3
190,1,21,2,639,5,5,5,5,5,4,6,5,6,6,5,4,5,4,4,4,4,6,5,6,5,5,6,3,6,6,4,5,5,4,2,2,1,1,1,2,2,2,1,6,1,6,6,6,6,6,6,6,6,4,6,3,5,4,3,7,5,6,6,5,4,6,5,6,4
191,0,20,2,1073,3,3,5,5,5,5,3,6,4,6,1,2,4,3,1,2,6,6,3,2,5,2,1,7,2,6,1,6,1,7,3,2,7,1,1,2,3,1,1,7,7,5,5,6,3,5,3,6,7,7,5,5,5,5,4,6,6,3,6,5,6,3,7,4,4
192,0,20,1,1143,6,4,6,6,4,6,5,4,5,5,5,4,4,4,4,4,5,6,5,5,4,4,3,5,5,3,3,4,4,5,5,4,4,5,4,5,4,4,5,4,5,4,3,3,3,4,5,2,4,5,3,5,5,5,4,5,5,5,5,3,5,5,5,4,5
193,0,21,2,694,3,3,5,6,4,4,6,4,4,5,4,4,5,6,5,4,6,6,6,5,5,5,4,5,2,4,1,3,1,5,4,5,5,5,5,5,4,3,4,6,3,4,4,4,4,4,4,4,4,4,4,4,4,4,4,4,4,4,5,5,6,6,5,5,5
194,0,19,2,815,3,3,3,7,3,3,3,3,7,1,3,1,3,5,1,2,4,7,3,6,6,3,3,5,4,5,6,6,7,3,4,1,7,7,1,1,5,7,5,7,7,1,7,1,7,1,7,2,7,7,5,5,3,3,5,7,5,3,5,5,7,3,5,6,6
195,0,19,1,1200,3,3,6,7,4,4,4,5,3,3,3,3,4,3,3,7,5,6,3,7,4,7,4,6,3,7,4,7,1,7,4,4,4,2,4,1,3,5,3,7,7,3,4,2,4,1,1,2,1,7,4,7,3,5,4,7,6,5,6,5,7,6,5,3,6
196,0,19,1,1735,5,5,7,7,3,3,3,4,4,3,2,3,4,5,4,5,5,4,4,6,5,5,5,2,6,2,4,2,4,3,2,2,6,6,3,2,2,4,5,6,6,5,5,3,2,2,5,6,6,7,2,6,5,6,3,5,5,5,7,5,5,6,6,5,7
197,0,21,2,1831,5,5,6,7,2,3,3,3,2,2,1,2,2,2,2,6,2,5,3,5,5,2,5,5,2,5,2,3,1,4,1,1,6,6,1,1,6,2,5,6,5,3,3,5,3,5,5,3,5,5,6,5,5,3,6,7,6,5,6,5,6,6,7,3,5
198,1,20,4,1628,2,2,2,6,5,4,1,5,5,1,1,1,5,1,1,3,2,7,5,1,3,3,1,6,3,3,1,4,1,6,1,1,1,2,1,2,1,1,6,7,7,7,2,5,3,2,5,6,6,7,5,5,5,7,2,5,6,3,7,6,7,1,5,1,3
199,NA,NA,NA,5,NA,NA,NA,NA,NA,NA,NA,NA,NA,NA,NA,NA,NA,NA,NA,NA,NA,NA,NA,NA,NA,NA,NA,NA,NA,NA,NA,NA,NA,NA,NA,NA,NA,NA,NA,NA,NA,NA,NA,NA,NA,NA,NA,NA,NA,NA,NA,NA,NA,NA,NA,NA,NA,NA,NA,NA,NA,NA,NA,NA,NA,NA,NA,NA,NA
200,0,18,1,910,6,7,7,7,7,6,6,6,5,4,2,1,6,2,6,5,6,6,6,7,2,7,6,3,6,5,6,5,6,3,1,4,6,6,1,1,3,5,6,6,6,2,6,2,5,7,7,2,6,5,6,4,7,3,6,6,6,7,7,6,6,6,6,7,5
201,NA,NA,NA,1671,7,7,7,7,4,6,2,4,4,2,4,6,4,4,2,5,5,5,5,5,5,5,4,4,4,2,2,4,3,5,6,1,3,6,1,2,4,5,5,6,6,2,5,3,5,3,5,4,5,4,6,3,6,4,4,6,5,5,6,5,7,5,2,1,5
202,0,18,1,3224,6,2,3,7,5,3,4,5,4,3,3,3,4,4,5,4,3,4,4,5,4,5,5,4,5,5,5,6,2,3,5,3,6,1,2,6,6,7,7,7,6,5,3,1,6,1,7,5,7,7,5,6,5,6,5,5,5,3,6,3,6,4,6,6,5
203,0,23,3,2606,6,4,5,6,4,2,5,3,4,2,2,2,5,2,1,5,5,3,4,6,5,5,3,4,5,1,3,2,4,5,2,4,3,3,5,2,4,4,5,6,6,2,1,2,3,5,4,6,4,4,5,3,5,3,5,2,4,6,6,3,6,3,6,2,2
204,0,20,1,1405,4,6,6,6,2,3,2,6,5,1,1,4,2,2,1,1,5,7,3,5,5,5,2,3,6,5,2,6,2,5,2,3,5,2,1,1,2,5,5,7,4,2,6,2,6,2,7,2,4,6,5,5,6,6,3,5,6,6,3,6,2,6,2,4,3
205,0,20,1,1905,3,1,5,7,6,5,6,5,2,2,3,2,5,1,2,6,4,5,3,5,1,5,2,6,5,7,1,4,1,6,2,2,5,6,1,3,5,6,5,7,5,5,2,6,3,5,6,3,1,5,5,3,6,3,6,6,5,6,6,6,7,6,4,4,6
206,NA,NA,NA,8,NA,NA,NA,NA,NA,NA,NA,NA,NA,NA,NA,NA,NA,NA,NA,NA,NA,NA,NA,NA,NA,NA,NA,NA,NA,NA,NA,NA,NA,NA,NA,NA,NA,NA,NA,NA,NA,NA,NA,NA,NA,NA,NA,NA,NA,NA,NA,NA,NA,NA,NA,NA,NA,NA,NA,NA,NA,NA,NA,NA,NA,NA,NA,NA,NA
207,0,19,1,1088,5,5,5,5,5,4,5,5,5,5,3,5,4,5,3,5,5,5,5,5,5,5,5,4,3,5,4,4,5,5,2,4,4,3,4,2,3,3,5,6,5,3,5,3,5,3,5,3,5,6,5,3,5,4,4,4,3,5,5,5,3,5,5,5,5
208,0,20,4,1367,5,3,5,7,4,2,2,2,3,2,2,3,5,3,3,5,5,5,5,5,5,5,3,5,4,5,2,4,2,5,1,3,2,7,2,4,3,5,5,7,5,2,3,3,2,3,6,5,3,6,6,5,5,3,5,6,4,6,5,5,3,5,3,3,5
209,0,20,1,1316,4,2,4,6,2,2,2,2,4,2,2,2,2,3,1,5,2,6,3,5,5,2,2,6,2,7,2,3,2,5,2,3,5,6,1,2,2,3,6,6,6,3,2,5,2,4,6,5,3,6,5,6,3,6,3,5,4,4,6,5,7,3,6,4,3
210,1,29,1,2135,3,3,6,6,6,2,6,5,3,1,1,1,3,1,1,6,5,5,2,6,2,5,4,5,4,6,2,5,2,6,1,1,6,7,2,1,2,1,1,5,2,6,2,6,2,6,2,2,2,4,6,2,6,2,6,5,5,4,6,6,7,5,6,5,6
211,0,21,3,877,7,7,7,7,5,5,6,7,5,4,5,7,7,3,3,3,6,2,3,7,6,6,5,4,4,6,4,4,6,4,1,2,3,3,3,3,3,3,2,3,2,4,5,6,6,5,5,5,5,6,5,6,6,5,5,6,6,5,4,4,4,5,5,4,4
212,0,18,1,1772,6,4,6,7,6,5,4,4,4,6,3,3,4,3,5,4,4,3,6,6,2,6,4,4,4,2,6,1,2,6,2,1,4,7,1,1,1,4,5,6,1,2,2,3,4,4,7,4,2,5,6,6,5,6,4,5,5,4,6,6,3,4,6,4,6
213,0,18,2,1303,5,3,5,5,3,3,3,5,2,3,2,3,3,3,2,7,3,6,4,6,1,5,2,4,2,7,2,7,3,4,1,1,5,6,2,1,4,5,6,7,3,2,5,3,3,1,5,4,2,4,5,5,5,3,4,5,5,5,6,6,6,5,3,5,6
214,0,19,1,1166,2,2,7,6,4,3,1,1,5,1,1,1,5,3,1,6,7,5,1,5,2,7,1,6,3,5,3,2,1,7,1,1,6,6,1,3,1,3,6,7,2,2,5,3,4,2,6,2,6,5,7,2,7,2,7,7,5,7,7,5,5,6,3,5,7
215,0,19,2,1071,6,6,6,7,4,5,5,5,6,6,2,2,2,2,2,6,6,2,6,6,6,4,4,5,6,2,6,6,3,6,1,1,2,7,1,1,2,4,1,6,1,3,5,3,4,4,5,3,5,3,4,5,3,5,3,6,3,6,2,6,5,6,2,5,7
216,0,18,1,1349,3,2,4,6,3,3,2,3,4,2,2,2,4,4,2,4,3,5,3,4,4,4,3,4,3,5,2,4,3,5,3,1,4,5,3,3,2,5,6,6,5,2,3,3,5,2,5,4,6,6,6,5,5,4,4,6,5,2,7,3,5,4,6,4,4
217,0,19,1,587,4,4,6,6,5,7,5,6,5,6,4,5,6,6,6,6,5,6,5,5,5,5,2,6,2,2,4,4,6,5,2,1,5,7,1,2,2,4,1,3,1,2,4,3,3,5,6,3,6,4,4,2,6,2,3,5,5,4,6,4,7,4,4,5,3
218,0,20,1,1265,3,3,6,6,4,2,2,3,6,2,1,1,2,5,1,3,5,2,1,1,3,6,2,7,2,7,1,3,1,7,1,2,6,3,1,3,4,2,5,6,5,1,6,2,5,1,6,1,6,7,1,6,1,5,2,2,2,3,4,3,6,6,3,2,2
219,0,20,2,4748,6,4,6,6,6,3,3,4,6,7,6,2,6,4,4,4,5,4,4,4,4,6,2,6,2,4,4,6,2,6,2,4,4,4,1,2,4,5,4,7,4,4,2,2,2,2,4,5,4,6,6,5,3,3,4,5,4,4,5,5,5,5,5,3,5
220,0,20,1,2197,5,4,5,4,4,4,4,4,4,4,4,5,4,4,4,4,5,5,5,4,4,5,5,5,5,5,5,5,5,5,4,4,3,4,3,3,4,5,3,4,4,3,5,2,5,5,5,5,5,5,5,5,5,5,3,5,5,4,5,4,4,5,4,5,4
221,0,18,4,593,7,6,7,7,4,5,6,5,3,2,2,4,5,2,3,7,4,2,6,6,1,6,3,2,6,2,5,4,4,4,4,5,4,4,4,5,4,4,3,5,5,4,4,5,5,5,4,5,5,5,5,5,4,6,4,4,3,6,7,3,6,5,7,6,5
222,0,18,1,1052,4,2,7,6,4,2,4,4,2,2,2,4,4,2,1,6,3,3,4,5,5,5,2,6,3,4,4,4,3,6,1,2,7,7,1,1,1,1,1,6,1,5,6,5,2,4,5,4,3,3,5,5,6,4,6,6,5,4,6,4,4,4,6,1,6
223,0,18,1,2495,4,4,7,4,5,7,6,6,6,4,4,6,5,4,1,4,6,4,3,5,2,5,4,5,4,6,4,5,3,4,2,3,3,2,2,2,3,1,3,6,5,3,4,4,4,2,6,4,4,7,6,6,6,3,4,7,5,3,6,5,6,5,5,5,4
224,0,19,1,1104,3,6,3,6,7,7,5,7,4,1,4,4,4,1,1,6,6,6,1,3,3,1,5,7,5,7,1,7,1,5,1,1,7,7,1,1,1,1,4,7,4,2,6,2,6,2,6,2,6,4,5,6,4,6,4,6,5,6,6,6,2,6,6,6,6
225,0,19,1,1376,5,4,3,7,2,2,2,2,2,4,1,2,2,2,2,4,3,1,3,7,3,5,4,5,5,3,7,7,3,6,2,4,6,4,1,1,4,4,5,5,6,3,6,2,5,3,5,1,6,6,5,5,3,4,3,5,4,3,5,6,6,5,4,3,6
226,0,20,2,999,3,6,6,6,4,3,2,2,2,2,1,2,3,3,1,6,6,4,2,6,2,4,3,3,2,3,5,6,2,6,2,2,5,3,1,6,2,1,5,6,5,3,3,3,3,3,6,3,5,6,6,2,5,2,5,6,5,3,4,5,5,2,2,2,3
227,0,18,1,851,5,3,5,6,4,3,4,4,2,2,2,2,4,4,4,4,4,4,4,4,4,4,4,3,4,2,3,4,2,5,4,4,4,4,4,4,4,4,4,4,4,3,2,3,2,3,4,2,2,5,6,4,5,4,4,5,6,4,5,5,3,3,3,2,4
228,0,19,1,899,5,2,5,7,1,2,2,3,1,1,1,1,2,3,1,6,1,3,2,6,5,1,5,6,3,6,5,2,2,6,1,1,7,7,1,1,1,2,2,6,6,2,5,2,5,1,7,2,5,5,7,5,5,3,6,7,5,6,6,6,2,6,6,2,6
229,0,19,2,1683,3,4,5,5,5,5,5,5,5,4,3,4,3,3,3,5,5,5,3,5,3,5,2,6,3,5,3,6,2,6,4,2,4,6,1,1,3,4,4,5,3,3,5,3,5,5,5,3,3,5,6,5,6,3,5,6,6,5,6,5,6,5,4,4,5
230,0,19,NA,1753,5,5,5,5,4,4,4,5,4,4,5,4,4,4,4,4,4,5,4,5,4,5,3,5,4,5,4,4,4,5,2,2,2,5,2,2,2,2,2,2,2,3,5,5,3,5,5,3,5,4,5,4,5,4,5,5,5,4,4,5,3,4,3,4,5
231,0,18,NA,1176,6,6,7,7,6,5,6,6,5,6,2,2,4,1,1,6,4,6,1,6,4,5,7,1,3,1,5,1,5,1,1,1,6,7,1,1,1,6,6,7,1,6,6,3,2,6,5,6,5,5,6,5,5,5,3,6,2,4,5,6,4,6,6,5,3
232,0,9,1,1695,6,3,7,6,4,4,4,4,6,6,4,4,5,3,3,7,5,3,5,7,6,6,4,4,3,5,3,5,2,5,1,2,4,7,1,2,3,4,5,6,3,4,6,3,2,4,5,4,6,6,6,6,5,2,5,6,4,6,6,6,4,6,6,5,5
233,0,19,1,1118,3,4,5,6,4,6,7,4,2,4,3,4,4,2,4,6,6,5,3,6,4,4,6,3,2,6,5,2,3,5,4,5,4,2,5,6,5,5,5,6,6,2,4,2,5,2,5,2,5,4,4,4,4,4,4,4,4,6,6,6,6,6,2,3,2
234,1,22,2,1152,7,7,7,7,6,6,6,6,6,6,6,6,6,6,6,6,6,6,6,6,6,6,4,5,7,4,6,5,3,4,1,1,1,2,1,1,1,1,3,1,1,3,1,6,3,1,4,1,1,6,6,7,5,6,6,5,6,6,6,5,6,6,7,7,6
235,0,18,3,1143,4,4,4,4,4,4,4,5,4,4,2,3,4,4,2,4,4,4,3,5,3,3,3,4,3,5,2,4,2,6,1,3,2,7,1,2,2,3,6,6,5,5,2,3,3,4,5,3,2,6,5,3,6,4,5,4,4,5,5,5,5,5,2,3,5
236,0,20,1,1481,4,4,5,5,3,4,4,4,4,4,4,4,5,4,3,5,3,4,4,4,4,4,4,5,4,4,4,7,2,6,3,4,4,4,3,4,4,4,4,4,4,4,6,4,4,4,6,4,6,6,4,4,4,4,6,6,6,6,6,6,6,6,6,6,6
237,0,19,2,3204,3,3,7,5,4,5,5,4,5,4,2,2,4,2,2,5,5,5,4,2,5,5,5,6,2,6,3,6,2,6,2,4,6,7,1,4,5,2,1,1,5,2,6,6,3,2,4,1,6,6,6,6,4,6,6,5,3,3,5,4,4,3,5,4,4
238,0,18,1,2493,5,5,5,7,1,3,3,3,1,1,1,1,1,1,1,3,4,6,4,7,1,1,3,4,5,4,3,4,4,5,5,4,6,5,4,4,5,5,5,7,5,5,4,5,4,4,4,5,6,7,5,4,4,5,4,5,5,5,5,5,7,7,7,3,4
239,1,20,1,369,4,5,5,4,4,5,4,4,4,4,5,4,5,4,4,5,5,5,4,5,4,4,4,5,3,4,5,4,5,6,4,5,4,4,2,5,5,6,3,5,2,4,5,5,5,5,4,5,4,4,5,5,4,4,5,4,3,5,5,4,4,4,4,4,5
240,1,19,1,351,7,7,7,7,7,7,7,7,7,7,7,7,7,1,1,1,1,1,1,1,1,1,4,4,4,4,4,4,4,4,2,3,2,3,1,2,2,3,1,2,1,2,2,2,2,2,2,2,2,2,2,2,2,2,2,2,2,2,2,1,1,3,2,2,2
241,0,18,1,1581,6,5,6,6,6,5,5,5,2,2,3,2,4,2,5,6,4,2,5,5,2,6,5,3,3,2,3,3,2,3,1,2,5,6,1,2,1,2,4,6,2,4,2,5,3,3,5,4,5,4,6,6,5,5,4,5,2,5,6,5,5,6,6,4,5
242,0,18,1,1514,2,3,4,1,3,2,1,3,2,2,3,3,3,3,3,3,2,3,3,4,4,3,3,3,3,3,1,2,4,3,2,2,4,3,4,3,4,3,3,4,4,3,3,4,3,4,2,2,4,4,3,1,3,3,2,2,4,3,3,4,3,3,2,2,3
243,0,18,1,13928,5,5,6,6,6,4,6,6,6,3,4,3,3,4,2,4,5,6,5,5,5,5,3,7,5,6,4,3,3,2,3,3,6,6,1,2,4,4,4,3,5,3,4,3,4,4,5,3,4,6,4,7,5,7,4,5,5,5,7,5,6,5,5,3,6
244,0,20,1,1655,4,6,7,7,3,4,4,5,4,5,3,3,4,2,6,6,5,5,3,6,5,6,5,3,3,3,5,6,3,4,1,1,4,4,4,4,2,2,5,7,5,3,5,3,4,3,6,3,5,5,6,3,6,3,6,5,3,6,5,6,4,4,4,3,5
245,0,20,1,3273,5,4,7,6,2,4,4,4,4,4,5,4,2,1,2,3,4,5,2,5,3,5,6,5,5,5,5,4,3,2,1,1,4,7,1,1,1,1,4,4,2,5,3,5,5,5,5,5,5,5,6,2,6,3,6,5,6,6,6,6,1,6,6,5,3
246,1,21,2,677,5,5,5,5,5,4,4,5,4,5,4,5,5,4,6,5,5,4,5,6,5,5,5,4,4,5,4,5,5,5,3,3,4,4,4,4,3,4,4,3,4,4,3,4,4,3,4,4,3,4,4,5,5,5,4,5,5,6,6,6,6,5,5,4,4
247,0,19,2,1313,3,4,5,6,2,2,2,1,6,2,2,2,2,3,1,3,3,6,3,3,3,4,6,3,3,5,2,5,3,3,1,1,5,1,1,1,1,1,1,1,1,2,6,2,5,1,6,2,6,4,5,3,6,3,5,6,5,5,5,5,3,6,4,3,5
248,0,20,1,1734,6,4,6,6,5,4,4,6,6,5,4,3,6,2,3,6,6,5,5,6,5,4,2,6,3,6,4,4,2,6,3,4,4,3,5,4,3,3,4,5,5,5,3,3,5,5,4,5,5,5,5,5,3,6,4,5,5,4,6,5,5,6,6,4,6
249,1,21,3,1219,6,6,6,6,6,2,3,3,6,2,2,2,2,2,2,6,6,2,2,6,2,6,5,5,6,6,6,5,2,6,5,2,6,2,2,6,5,3,6,6,5,6,2,2,2,6,2,6,2,3,7,2,6,2,7,7,7,6,7,7,6,6,2,6,6
250,1,20,1,778,4,4,5,4,5,4,4,4,3,4,5,4,5,3,4,4,3,4,4,4,4,3,4,4,4,4,4,4,4,4,5,3,3,4,4,4,4,3,6,4,4,4,3,3,4,4,4,5,4,3,3,3,4,4,4,4,3,4,3,5,5,3,4,4,4
251,0,18,1,1388,5,7,4,5,6,5,6,6,6,5,2,3,6,6,3,4,6,5,4,5,5,6,4,3,5,5,6,2,3,6,1,6,6,6,5,6,6,5,6,6,6,3,6,2,5,2,5,2,6,6,7,2,7,5,6,5,5,6,6,6,3,3,6,4,6
252,0,19,4,602,7,5,3,3,5,7,6,7,4,4,5,7,5,4,3,4,6,4,3,7,3,6,5,6,7,6,6,7,6,5,6,4,4,4,4,5,5,4,4,6,3,3,7,4,7,5,3,5,3,6,3,7,4,4,4,6,3,5,6,3,5,5,4,4,7
253,0,22,2,539,4,3,4,4,4,4,4,4,3,3,4,4,4,3,2,4,6,4,4,4,4,4,4,4,4,4,4,4,4,4,4,4,4,4,4,4,4,4,4,4,4,4,4,4,4,4,4,4,4,4,4,4,4,4,4,4,4,4,5,5,4,4,5,4,5
254,0,18,1,1372,5,4,5,5,6,6,6,6,6,6,5,3,6,6,2,5,5,5,4,6,6,5,5,5,6,6,3,5,3,5,4,3,3,3,2,3,2,3,4,5,5,1,5,2,5,5,6,2,7,5,6,5,6,6,3,6,6,4,6,4,6,5,5,3,5
255,0,21,3,601,4,4,4,6,4,2,4,4,4,4,4,4,4,4,4,4,4,4,4,4,4,4,1,7,3,7,1,7,1,7,6,4,6,4,4,6,4,5,5,7,4,6,2,2,6,2,6,2,6,7,2,7,5,7,2,2,2,6,2,6,6,2,2,6,2
256,0,18,1,1930,5,4,5,7,4,4,4,4,5,2,1,4,2,2,3,5,4,5,5,6,2,4,5,4,4,2,5,4,3,4,2,1,6,6,2,3,4,3,3,6,4,3,5,4,2,4,5,3,4,6,4,4,5,4,5,6,4,6,5,6,4,6,6,4,6
257,0,23,2,1845,3,5,6,7,6,6,6,5,6,6,2,2,5,5,2,2,7,3,2,6,3,6,3,5,5,5,3,5,2,6,1,7,6,6,1,2,2,2,3,6,3,5,3,5,3,3,3,5,2,2,6,5,6,3,5,6,6,5,7,5,7,2,6,1,6
258,1,18,2,1314,5,4,6,6,5,4,4,5,3,3,3,2,4,2,5,6,5,5,3,5,4,5,3,5,5,6,5,6,2,6,2,2,6,6,3,2,2,2,3,5,3,3,3,3,4,3,6,4,5,5,6,5,5,5,5,6,6,6,5,5,5,5,5,5,5
259,0,18,1,1419,4,5,6,6,5,4,3,5,3,4,2,4,4,4,2,4,6,6,3,4,6,4,2,4,4,5,4,4,2,6,2,2,4,3,4,3,3,5,5,6,5,3,3,3,3,3,3,4,3,4,5,5,3,4,5,2,4,5,7,6,5,3,6,3,5
260,0,19,2,22834,5,3,5,5,6,7,6,6,6,4,6,6,7,3,3,5,6,3,3,6,4,5,3,4,4,4,5,3,2,3,3,4,5,5,5,1,5,6,6,5,7,6,1,6,2,6,6,7,1,6,7,4,6,4,5,6,5,7,7,7,7,7,7,7,5
261,0,21,4,2142,3,3,6,5,5,6,7,7,5,7,1,1,6,1,5,7,5,5,3,4,3,5,2,5,4,5,3,5,2,5,1,1,7,7,1,1,1,1,1,5,5,2,5,2,5,2,5,2,5,4,5,4,5,5,5,5,5,4,5,5,4,6,5,3,5
262,NA,NA,NA,7,NA,NA,NA,NA,NA,NA,NA,NA,NA,NA,NA,NA,NA,NA,NA,NA,NA,NA,NA,NA,NA,NA,NA,NA,NA,NA,NA,NA,NA,NA,NA,NA,NA,NA,NA,NA,NA,NA,NA,NA,NA,NA,NA,NA,NA,NA,NA,NA,NA,NA,NA,NA,NA,NA,NA,NA,NA,NA,NA,NA,NA,NA,NA,NA,NA
263,1,21,5,892,7,7,7,7,6,6,6,7,5,7,6,6,5,6,5,7,6,6,6,6,6,7,1,7,4,7,7,7,1,7,4,4,4,4,4,4,4,4,4,4,4,6,3,3,6,6,6,6,6,7,4,7,5,7,1,5,2,6,6,6,7,6,7,7,6
264,1,21,1,5229,5,5,5,6,4,4,3,3,3,3,3,3,3,5,4,5,3,5,3,3,5,4,3,4,3,6,4,4,2,4,5,4,3,4,4,4,5,5,5,5,5,6,3,5,3,3,2,5,5,6,4,4,3,4,5,5,5,4,5,5,6,5,4,5,4
265,0,19,1,1075,4,4,6,5,6,6,6,6,6,4,2,4,6,2,2,6,6,3,3,5,2,4,5,6,3,7,4,4,3,5,5,4,4,5,5,4,3,5,6,6,5,2,5,1,3,1,7,4,4,6,6,6,6,3,6,6,6,3,6,5,5,5,5,4,3
266,NA,NA,NA,606,NA,NA,NA,NA,NA,NA,NA,NA,NA,NA,NA,NA,NA,NA,NA,NA,NA,NA,NA,NA,NA,NA,3,6,4,6,3,5,2,6,NA,NA,NA,NA,NA,NA,NA,NA,NA,NA,NA,6,6,3,3,2,6,3,6,4,6,4,6,4,6,6,6,NA,NA,NA,NA,NA,NA,NA,NA
267,NA,NA,NA,31,NA,NA,NA,NA,NA,NA,NA,NA,NA,NA,NA,NA,NA,NA,NA,NA,NA,NA,NA,NA,NA,NA,NA,NA,NA,NA,NA,NA,NA,NA,NA,NA,NA,NA,NA,NA,NA,NA,NA,NA,NA,NA,NA,NA,NA,NA,NA,NA,NA,NA,NA,NA,NA,NA,NA,NA,NA,NA,NA,NA,NA,NA,NA,NA,NA
268,NA,NA,NA,165,NA,NA,NA,NA,NA,NA,NA,NA,NA,NA,NA,NA,NA,NA,NA,NA,NA,NA,NA,NA,NA,NA,NA,NA,NA,NA,NA,NA,NA,NA,NA,NA,NA,NA,NA,NA,NA,NA,NA,NA,NA,NA,NA,NA,NA,NA,NA,NA,NA,NA,NA,NA,NA,NA,NA,NA,NA,NA,NA,NA,NA,NA,NA,NA,NA
269,0,18,1,3739,5,4,7,7,4,2,3,3,2,1,2,2,2,1,1,7,5,6,2,5,3,4,2,3,2,5,2,6,2,5,1,2,4,7,1,4,1,3,7,6,5,3,5,4,2,4,3,4,5,5,5,4,4,4,4,6,5,4,5,4,5,4,6,4,2
270,0,20,3,1831,4,3,4,4,7,6,6,7,7,6,6,6,6,5,4,4,4,4,4,4,6,5,4,3,2,2,2,2,2,1,1,1,1,4,1,1,1,5,1,4,1,3,2,2,2,3,3,4,3,5,7,7,5,7,5,7,4,6,6,7,3,6,4,2,6
271,0,18,2,1753,5,3,6,6,4,5,5,4,5,5,2,4,5,1,2,7,4,5,1,5,5,7,5,5,5,6,6,5,2,5,2,1,4,6,3,3,2,5,5,6,5,1,5,1,3,2,6,4,6,4,6,3,5,2,6,6,6,4,6,6,2,6,6,6,5
272,0,20,1,1606,4,3,6,6,4,2,3,2,2,2,2,2,3,2,2,6,4,5,5,6,3,5,3,4,6,5,5,6,1,6,3,3,4,3,3,6,2,2,2,6,4,3,5,3,3,4,5,4,5,5,6,3,7,5,5,6,6,3,6,5,3,3,6,5,5
273,1,20,4,585,6,6,4,7,4,4,4,4,4,4,4,4,4,2,4,6,6,1,4,3,3,3,4,5,1,3,2,7,4,6,1,1,1,1,1,1,1,1,3,4,1,4,3,6,3,1,5,4,1,6,6,3,5,6,3,7,4,6,3,6,6,5,6,3,3
274,0,22,1,1778,2,1,6,7,1,1,5,2,1,4,1,1,5,1,1,7,5,5,1,5,4,6,2,5,6,2,2,7,1,6,1,4,6,6,1,2,2,5,5,5,4,3,4,3,4,2,5,4,5,2,6,5,3,3,5,6,5,3,7,5,6,2,4,2,2
275,0,21,3,2523,6,5,7,6,7,7,5,7,7,6,1,3,7,1,1,6,6,6,2,6,6,6,1,4,3,4,2,5,1,7,3,1,1,7,1,2,1,2,5,6,5,2,2,2,2,1,6,5,5,2,6,2,6,5,6,6,6,5,7,6,7,2,2,2,5
276,0,19,1,992,4,5,5,5,3,5,3,4,4,3,4,4,5,4,3,4,4,3,4,5,5,4,2,6,2,5,4,6,2,6,4,4,4,4,4,4,4,4,4,4,4,3,4,6,4,6,5,5,5,4,5,5,5,5,6,5,6,3,6,6,6,6,5,3,3
277,0,18,4,455,2,1,4,2,3,5,3,4,3,4,3,3,1,3,3,4,3,4,3,3,4,3,3,3,3,2,3,2,2,4,3,3,3,2,4,2,3,3,3,3,3,3,4,2,3,3,3,1,5,3,5,2,3,1,5,2,3,4,4,3,3,2,3,4,3
278,1,20,1,371,6,6,6,6,4,4,4,4,4,4,4,4,4,4,4,4,4,4,4,4,4,4,4,4,4,4,4,4,4,4,4,4,4,4,4,4,4,4,4,4,4,6,6,3,3,6,3,3,6,4,4,4,4,4,4,4,4,4,4,4,7,4,4,4,4
279,0,18,1,1525,3,3,5,6,4,4,3,2,3,2,1,5,4,4,3,4,7,5,5,6,3,5,4,6,3,6,3,4,3,5,1,2,3,6,3,2,5,3,6,3,4,2,6,1,4,4,7,2,6,4,5,2,5,4,2,6,4,4,6,6,5,5,6,3,3
280,0,19,1,1222,5,5,7,7,2,3,4,3,3,1,1,1,3,1,6,7,7,1,4,7,1,5,6,2,6,6,4,7,2,5,1,1,1,3,1,1,5,3,4,7,1,1,7,1,6,2,7,2,6,4,6,2,6,3,6,7,6,5,5,5,3,4,7,2,2
281,NA,NA,NA,3,NA,NA,NA,NA,NA,NA,NA,NA,NA,NA,NA,NA,NA,NA,NA,NA,NA,NA,NA,NA,NA,NA,NA,NA,NA,NA,NA,NA,NA,NA,NA,NA,NA,NA,NA,NA,NA,NA,NA,NA,NA,NA,NA,NA,NA,NA,NA,NA,NA,NA,NA,NA,NA,NA,NA,NA,NA,NA,NA,NA,NA,NA,NA,NA,NA
282,0,22,2,1220,3,3,6,5,2,2,3,3,1,1,3,2,3,1,2,5,3,7,3,3,5,3,1,7,2,7,1,5,1,6,1,1,4,6,1,1,1,1,5,6,6,3,5,2,3,2,5,3,5,5,5,6,3,5,2,5,5,5,6,3,3,5,7,5,3
283,NA,NA,NA,9,NA,NA,NA,NA,NA,NA,NA,NA,NA,NA,NA,NA,NA,NA,NA,NA,NA,NA,NA,NA,NA,NA,NA,NA,NA,NA,NA,NA,NA,NA,NA,NA,NA,NA,NA,NA,NA,NA,NA,NA,NA,NA,NA,NA,NA,NA,NA,NA,NA,NA,NA,NA,NA,NA,NA,NA,NA,NA,NA,NA,NA,NA,NA,NA,NA
284,NA,NA,NA,17371,4,5,7,6,5,4,4,4,5,2,2,3,4,3,4,4,6,5,4,5,3,5,6,5,4,6,4,1,4,3,1,1,6,7,1,1,2,1,2,6,1,1,3,3,5,4,5,3,5,4,5,1,3,4,3,6,5,4,5,6,1,4,4,3,3
285,0,21,2,688498,5,3,6,5,4,5,5,5,5,4,2,4,4,4,4,4,5,5,4,5,5,5,5,3,6,2,5,5,5,3,1,2,4,6,2,1,3,1,1,5,1,3,5,5,5,5,5,4,5,4,5,5,5,4,3,5,4,3,6,6,4,6,5,4,3
286,1,19,1,1453,6,6,6,6,5,6,5,5,6,2,3,3,6,3,2,6,5,3,3,5,6,5,3,6,3,5,2,6,2,6,3,5,6,3,6,6,2,5,6,7,6,3,2,3,5,2,6,5,6,7,5,6,3,6,2,6,6,6,6,6,5,6,6,3,6
287,0,19,1,624,3,4,5,4,4,4,4,3,5,5,3,4,5,4,3,5,3,4,5,4,3,4,3,3,4,4,5,5,4,5,5,4,5,4,3,4,5,4,3,5,3,5,4,3,3,4,3,5,4,4,4,3,3,5,3,4,4,3,5,4,5,5,4,3,4
288,1,18,1,1713,2,3,4,5,4,6,5,5,7,5,4,1,5,5,5,3,4,4,6,3,2,2,3,7,1,6,1,7,1,7,2,3,3,4,2,3,5,4,5,4,4,3,4,2,4,2,5,1,5,7,1,7,1,7,1,1,1,4,6,4,7,2,5,2,2
289,0,22,1,741,5,5,6,5,6,6,6,6,6,2,5,7,6,2,2,6,6,3,6,6,6,6,3,5,5,3,4,3,3,5,2,3,3,3,3,1,1,2,1,7,6,3,5,3,3,3,5,5,5,6,5,3,6,3,6,6,6,3,7,5,7,3,6,3,3
290,0,22,2,1155,5,5,7,6,2,5,2,2,2,2,2,2,5,2,1,6,6,2,3,6,3,5,2,5,3,5,2,6,2,5,2,3,2,3,1,1,5,3,1,6,5,2,6,3,5,2,6,4,5,5,5,6,3,5,3,6,3,2,6,2,5,3,3,2,5
291,0,20,2,760,5,5,5,5,4,5,5,5,3,5,3,4,5,4,4,4,4,3,4,4,4,5,4,4,4,4,5,4,5,4,3,3,4,4,4,2,2,2,5,4,4,3,5,3,5,5,6,3,5,6,5,3,5,4,5,6,5,4,4,4,5,5,4,3,5
292,0,19,1,54973,3,3,6,6,6,6,6,4,6,4,4,4,6,6,4,6,5,6,3,6,4,6,2,6,4,4,2,5,2,6,1,2,1,7,1,1,1,3,6,7,6,3,3,5,2,2,6,6,4,5,6,5,6,5,6,6,6,5,7,4,5,3,6,4,3
293,0,19,4,4702,6,4,7,6,6,7,4,4,6,6,4,6,4,6,6,6,6,6,5,6,5,6,3,4,5,4,4,3,3,5,5,3,5,4,5,4,4,4,4,4,3,3,5,5,4,4,5,4,4,6,5,6,3,6,4,6,4,6,6,4,5,3,6,3,4
294,1,19,1,1596,7,7,7,7,5,7,6,7,7,4,4,2,7,1,2,7,6,4,3,6,5,6,5,2,5,3,4,4,5,3,2,3,3,3,4,5,3,6,5,7,2,6,3,5,2,3,5,4,5,5,6,3,6,2,6,6,6,6,6,6,7,6,5,6,6
295,1,20,1,1141,3,6,6,6,4,6,6,6,6,1,3,2,6,2,2,6,2,6,2,6,6,5,2,6,2,6,2,4,3,6,1,1,1,1,1,1,1,1,1,1,6,2,2,2,2,6,3,6,6,6,6,5,6,3,6,6,5,3,6,6,2,6,6,6,6
296,NA,NA,NA,259,NA,NA,NA,NA,NA,NA,NA,NA,NA,NA,NA,NA,NA,NA,NA,NA,NA,NA,NA,NA,NA,NA,5,5,3,5,3,6,3,6,NA,NA,NA,NA,NA,NA,NA,NA,NA,NA,NA,NA,NA,NA,NA,NA,NA,NA,NA,NA,NA,NA,NA,NA,NA,NA,NA,NA,NA,NA,NA,NA,NA,NA,NA
